{"test accuracy":87.62,"_wandb":{"runtime":4606},"_timestamp":1.7711632027254465e+09,"_runtime":4601.361846238,"_step":49,"mean loss":0.06313440035724738,"test loss":4.873300023144111}