{"_runtime":199.899191737,"_step":1,"mean loss":1.7498952285341933,"test loss":11.197579434141517,"test accuracy":64.52,"_timestamp":1.771249938066342e+09,"_wandb":{"runtime":205}}