{"test loss":3.770239087752998,"test accuracy":88.1,"_timestamp":1.7712351531877966e+09,"_runtime":4929.541146102,"_wandb":{"runtime":4929},"_step":49,"mean loss":0.16395177755335624}