{"_timestamp":1.7712495136523035e+09,"_runtime":398.01770642,"_wandb":{"runtime":403},"_step":3,"mean loss":1.5367072527407075,"test loss":8.488138472661376,"test accuracy":74.7}