{"test accuracy":89.73,"_timestamp":1.771015872136104e+09,"_runtime":4751.852940133,"_step":49,"mean loss":0.047940087312465574,"_wandb":{"runtime":4757},"test loss":4.231963008875027}