{"lr":0.06644333233692916,"_wandb":{"runtime":10966},"_timestamp":1.7725430581978147e+09,"_runtime":10945.734933802,"_step":117,"mean loss":2.3057311425733444,"test loss":22.630811512470245,"test accuracy":10}