{"mean loss":0.05649971389007634,"test loss":4.384993645922805,"test accuracy":89.16,"_wandb":{"runtime":4774},"_timestamp":1.7711695969877343e+09,"_runtime":4769.804377803,"_step":49}