{"test accuracy":14.360000000000001,"lr":0.09998903417374229,"_timestamp":1.7725441690950434e+09,"_runtime":196.237567837,"_step":1,"_wandb":{"runtime":199},"mean loss":2.1918328037042447,"test loss":21.856443241238594}