{"_timestamp":1.771189343974967e+09,"_wandb":{"runtime":6172},"_runtime":6100.808364699,"_step":61,"mean loss":0.8971988589277041,"test loss":9.77137116342783,"test accuracy":67.85}