{"test loss":5.243851796723902,"test accuracy":82.26,"lr":0,"_wandb":{"runtime":13041},"_timestamp":1.7719358844226058e+09,"_runtime":13040.389168895,"_step":99,"mean loss":0.38388375288156595}