{"_step":0,"_wandb":{"runtime":185},"mean loss":4.164491115171281,"test loss":22.905785530805588,"test accuracy":12.18,"lr":0.09995614150494292,"_timestamp":1.771342646290627e+09,"_runtime":115.752396653}