{"test accuracy":87.03999999999999,"_timestamp":1.7709874657241824e+09,"_runtime":4749.137556714,"_step":49,"_wandb":{"runtime":4758},"mean loss":0.09584449956877907,"test loss":4.612399475648999}