{"_timestamp":1.7724644894074624e+09,"_runtime":351.373945225,"_step":2,"mean loss":1.96920741823933,"test loss":17.229678466916084,"test accuracy":32.910000000000004,"_wandb":{"runtime":414},"lr":0.099778098230154}