{"lr":0.09999605221019081,"_timestamp":1.7724857105301645e+09,"_runtime":128.261241647,"_step":0,"_wandb":{"runtime":129},"mean loss":2.0838230529709545,"test loss":30729.054205432534,"test accuracy":10.95}