{"_wandb":{"runtime":4838},"_step":49,"mean loss":0.15343422388600725,"test loss":3.909127154503949,"test accuracy":87.83999999999999,"_timestamp":1.771174713513622e+09,"_runtime":4831.604557073}