{"_runtime":7376.855047122,"_step":74,"mean loss":0.1494989303439398,"_wandb":{"runtime":7382},"test loss":3.881550566642545,"test accuracy":88.51,"_timestamp":1.771182172333221e+09}