{"test accuracy":89.29,"_wandb":{"runtime":4755},"_timestamp":1.7710792557494864e+09,"_runtime":4750.259824616,"_step":49,"mean loss":0.052968248202632615,"test loss":4.410478721430991}