{"_wandb":{"runtime":179},"mean loss":1.8199763938289164,"test loss":12.761247517541051,"test accuracy":57.220000000000006,"lr":0.000999972584682756,"_timestamp":1.7725473567057781e+09,"_runtime":178.979407007,"_step":0}