{"test loss":3.7476639781380072,"test accuracy":88.85,"_timestamp":1.770913047504499e+09,"_runtime":2853.823507652,"_step":29,"_wandb":{"runtime":2858},"mean loss":0.1250498524996001}