{"_timestamp":1.7725320530307145e+09,"_wandb":{"runtime":2284},"_runtime":2238.260755247,"_step":23,"mean loss":2.3074767455420533,"test loss":22.77966146916151,"test accuracy":10,"lr":0.09842915805643157}