{"_timestamp":1.7724972644961014e+09,"_runtime":31384.868810934,"_step":299,"_wandb":{"runtime":31384},"mean loss":1.007270973718837,"test loss":4.16064138431102,"test accuracy":89.1,"lr":0}