{"test loss":22.609304636716843,"test accuracy":10,"lr":0.05104712099416788,"_timestamp":1.7713554421211464e+09,"_wandb":{"runtime":12742},"_runtime":12660.11610782,"_step":111,"mean loss":2.3045550042101186}