{"_timestamp":1.7725438655087273e+09,"_runtime":760.627659256,"_step":7,"_wandb":{"runtime":776},"mean loss":1.4508370007852764,"test loss":9.780179604887962,"test accuracy":70.88,"lr":0.09982464296247523}