{"test loss":3.4621497276239097,"test accuracy":89.83,"_wandb":{"runtime":14018},"_timestamp":1.7712641178042555e+09,"_runtime":14013.713703008,"_step":99,"mean loss":1.0280992287286794}