{"epoch 0": {"mean loss": 1.7016772588551692, "test loss": 14.807334050536156, "test accuracy": 46.19}, "epoch 1": {"mean loss": 1.2060742718397008, "test loss": 12.260861061513424, "test accuracy": 57.199999999999996}, "epoch 2": {"mean loss": 1.0300866937644957, "test loss": 10.761718826368451, "test accuracy": 62.32}, "epoch 3": {"mean loss": 0.9247352682049276, "test loss": 10.294171213172376, "test accuracy": 64.53}, "epoch 4": {"mean loss": 0.8650481728926273, "test loss": 9.683167982846498, "test accuracy": 66.36}, "epoch 5": {"mean loss": 0.8333446605992637, "test loss": 8.902537227608263, "test accuracy": 69.32000000000001}, "epoch 6": {"mean loss": 0.8086236510151712, "test loss": 8.686839551664889, "test accuracy": 70.28}, "epoch 7": {"mean loss": 0.7933198732972832, "test loss": 7.964311077259481, "test accuracy": 72.78999999999999}, "epoch 8": {"mean loss": 0.7817088373563111, "test loss": 8.750549564138055, "test accuracy": 69.35}, "epoch 9": {"mean loss": 0.7739332714526225, "test loss": 7.82314863987267, "test accuracy": 72.49}, "epoch 10": {"mean loss": 0.7642070245681782, "test loss": 8.592225490137935, "test accuracy": 70.03}, "epoch 11": {"mean loss": 0.7540263559142519, "test loss": 7.932703499682248, "test accuracy": 72.37}, "epoch 12": {"mean loss": 0.7551711240755924, "test loss": 8.703836888074875, "test accuracy": 69.78999999999999}, "epoch 13": {"mean loss": 0.7374132210942925, "test loss": 8.927972662262619, "test accuracy": 68.94}, "epoch 14": {"mean loss": 0.7267138464322703, "test loss": 7.831537578254938, "test accuracy": 73.05}, "epoch 15": {"mean loss": 0.7229982355391453, "test loss": 7.253584366291761, "test accuracy": 75.07000000000001}, "epoch 16": {"mean loss": 0.7106006324234027, "test loss": 6.9202786991372705, "test accuracy": 75.8}, "epoch 17": {"mean loss": 0.7026973747513039, "test loss": 7.4261359525844455, "test accuracy": 74.08}, "epoch 18": {"mean loss": 0.6908902925554179, "test loss": 7.3191453237086535, "test accuracy": 74.58}, "epoch 19": {"mean loss": 0.6800406985437725, "test loss": 6.764992559328675, "test accuracy": 76.25}, "epoch 20": {"mean loss": 0.6688121460087393, "test loss": 6.477488860022277, "test accuracy": 77.21000000000001}, "epoch 21": {"mean loss": 0.6519176171936443, "test loss": 6.600657559931278, "test accuracy": 76.87}, "epoch 22": {"mean loss": 0.6415607896433835, "test loss": 6.431057458743453, "test accuracy": 77.96}, "epoch 23": {"mean loss": 0.6425138192438423, "test loss": 6.7963935527950525, "test accuracy": 76.42}, "epoch 24": {"mean loss": 0.6237279590092938, "test loss": 6.447089278139174, "test accuracy": 77.89}, "epoch 25": {"mean loss": 0.6119428289123475, "test loss": 6.550386754795909, "test accuracy": 77.25}, "epoch 26": {"mean loss": 0.596473909032627, "test loss": 6.412640064023435, "test accuracy": 77.56}, "epoch 27": {"mean loss": 0.5799536262272416, "test loss": 6.683778463862836, "test accuracy": 76.61}, "epoch 28": {"mean loss": 0.5715407701215146, "test loss": 6.150347481947392, "test accuracy": 78.55}, "epoch 29": {"mean loss": 0.5441234535844526, "test loss": 5.9162991885095835, "test accuracy": 79.67}, "epoch 30": {"mean loss": 0.5344136820978563, "test loss": 5.755341578740627, "test accuracy": 79.74}, "epoch 31": {"mean loss": 0.514577125013828, "test loss": 5.880348260514438, "test accuracy": 79.67999999999999}, "epoch 32": {"mean loss": 0.5034393503480208, "test loss": 5.714430671185255, "test accuracy": 79.93}, "epoch 33": {"mean loss": 0.4907830360888367, "test loss": 5.2948704971931875, "test accuracy": 81.98}, "epoch 34": {"mean loss": 0.4682847918061896, "test loss": 5.21044433163479, "test accuracy": 82.0}, "epoch 35": {"mean loss": 0.4485867703124948, "test loss": 4.940746801439673, "test accuracy": 82.72}, "epoch 36": {"mean loss": 0.4303376447797889, "test loss": 5.164710152428597, "test accuracy": 82.08}, "epoch 37": {"mean loss": 0.40795553547121055, "test loss": 4.887937070801854, "test accuracy": 82.94}, "epoch 38": {"mean loss": 0.39289083994891655, "test loss": 4.915301206987351, "test accuracy": 83.14}, "epoch 39": {"mean loss": 0.36976402684312104, "test loss": 4.773807964054868, "test accuracy": 83.55}, "epoch 40": {"mean loss": 0.34503289315699387, "test loss": 4.31552055105567, "test accuracy": 85.3}, "epoch 41": {"mean loss": 0.3207779315110208, "test loss": 4.444975074380636, "test accuracy": 84.74000000000001}, "epoch 42": {"mean loss": 0.29361532402587714, "test loss": 4.2296658316627145, "test accuracy": 85.76}, "epoch 43": {"mean loss": 0.26919218230818565, "test loss": 3.8539499901235104, "test accuracy": 86.83999999999999}, "epoch 44": {"mean loss": 0.2442331457843078, "test loss": 3.751502185827121, "test accuracy": 87.03}, "epoch 45": {"mean loss": 0.22188506230726238, "test loss": 3.6709172015544027, "test accuracy": 87.22}, "epoch 46": {"mean loss": 0.20120453193750393, "test loss": 3.5165914753451943, "test accuracy": 87.94}, "epoch 47": {"mean loss": 0.1857071640965024, "test loss": 3.405669688130729, "test accuracy": 88.33}}