{"epoch 0": {"mean loss": 4.095590184564176, "test loss": 19.383369956165552, "test accuracy": 29.060000000000002, "lr": 0.09995614150494292}, "epoch 1": {"mean loss": 1.911682926632864, "test loss": 18.609041541814804, "test accuracy": 32.36, "lr": 0.09982464296247522}, "epoch 2": {"mean loss": 1.8886126668556877, "test loss": 19.24949761852622, "test accuracy": 32.76, "lr": 0.0996057350657239}, "epoch 3": {"mean loss": 1.9016545975909513, "test loss": 22.162832014262676, "test accuracy": 29.03, "lr": 0.09929980185352524}, "epoch 4": {"mean loss": 1.8696512139361838, "test loss": 20.13259642571211, "test accuracy": 34.870000000000005, "lr": 0.09890738003669028}, "epoch 5": {"mean loss": 1.8346877165157776, "test loss": 16.959426898509264, "test accuracy": 38.81, "lr": 0.09842915805643154}, "epoch 6": {"mean loss": 1.8344504685353136, "test loss": 17.861557867377996, "test accuracy": 37.05, "lr": 0.09786597487660335}, "epoch 7": {"mean loss": 1.8125558404056616, "test loss": 18.83260754495859, "test accuracy": 36.809999999999995, "lr": 0.09721881851187406}, "epoch 8": {"mean loss": 1.765232168804959, "test loss": 17.38852682709694, "test accuracy": 37.35, "lr": 0.09648882429441256}, "epoch 9": {"mean loss": 1.7368925657418683, "test loss": 19.129157949239016, "test accuracy": 39.269999999999996, "lr": 0.09567727288213004}, "epoch 10": {"mean loss": 1.7702820982469623, "test loss": 18.49600648507476, "test accuracy": 36.97, "lr": 0.09478558801197065}, "epoch 11": {"mean loss": 1.7497450006587425, "test loss": 19.01469599083066, "test accuracy": 39.44, "lr": 0.09381533400219319}, "epoch 12": {"mean loss": 1.7896945116769931, "test loss": 17.927999567240477, "test accuracy": 39.28, "lr": 0.09276821300802536}, "epoch 13": {"mean loss": 1.796577250561141, "test loss": 17.462864954024553, "test accuracy": 38.11, "lr": 0.091646062035505}, "epoch 14": {"mean loss": 1.7778785891849975, "test loss": 18.328012373298407, "test accuracy": 36.5, "lr": 0.09045084971874741}, "epoch 15": {"mean loss": 1.8085292310970824, "test loss": 17.508228477090597, "test accuracy": 41.589999999999996, "lr": 0.08918467286629203}, "epoch 16": {"mean loss": 1.7870649184717242, "test loss": 20.858535716310143, "test accuracy": 37.37, "lr": 0.08784975278258786}, "epoch 17": {"mean loss": 1.8186261009072404, "test loss": 24.132312137633562, "test accuracy": 30.03, "lr": 0.08644843137107061}, "epoch 18": {"mean loss": 1.8073546878822015, "test loss": 18.654875580221415, "test accuracy": 38.29, "lr": 0.08498316702566831}, "epoch 19": {"mean loss": 1.812972032505533, "test loss": 18.288682874292135, "test accuracy": 36.88, "lr": 0.08345653031794295}, "epoch 20": {"mean loss": 1.7965791463242162, "test loss": 16.51898515969515, "test accuracy": 41.86, "lr": 0.08187119948743453}, "epoch 21": {"mean loss": 1.7568315694399197, "test loss": 18.260569617152214, "test accuracy": 38.05, "lr": 0.0802299557431188}, "epoch 22": {"mean loss": 1.77593111366872, "test loss": 19.52855294942856, "test accuracy": 33.879999999999995, "lr": 0.07853567838422164}, "epoch 23": {"mean loss": 1.840841650200622, "test loss": 20.813188411295414, "test accuracy": 30.94, "lr": 0.07679133974894986}, "epoch 24": {"mean loss": 1.8576558401517551, "test loss": 20.719330839812756, "test accuracy": 34.44, "lr": 0.07500000000000002}, "epoch 25": {"mean loss": 1.9372896571903278, "test loss": 20.07357180863619, "test accuracy": 35.52, "lr": 0.07316480175599312}, "epoch 26": {"mean loss": 2.033391522477045, "test loss": 20.300762176513672, "test accuracy": 35.88, "lr": 0.07128896457825366}, "epoch 27": {"mean loss": 2.0975331436947484, "test loss": 19.562515512108803, "test accuracy": 32.550000000000004, "lr": 0.06937577932260518}, "epoch 28": {"mean loss": 2.1384812608704236, "test loss": 22.353322498500347, "test accuracy": 30.759999999999998, "lr": 0.06742860236609079}, "epoch 29": {"mean loss": 2.1264841044345477, "test loss": 23.283106938004494, "test accuracy": 29.65, "lr": 0.0654508497187474}, "epoch 30": {"mean loss": 2.1491253607718233, "test loss": 20.786040544509888, "test accuracy": 30.29, "lr": 0.06344599103076332}, "epoch 31": {"mean loss": 2.1407826430047563, "test loss": 20.599036194384098, "test accuracy": 30.830000000000002, "lr": 0.06141754350553282}, "epoch 32": {"mean loss": 2.1071661183291384, "test loss": 21.97227395698428, "test accuracy": 28.63, "lr": 0.059369065729286276}, "epoch 33": {"mean loss": 2.1419842560272997, "test loss": 21.185606714338064, "test accuracy": 27.950000000000003, "lr": 0.05730415142812062}, "epoch 34": {"mean loss": 2.159104540829768, "test loss": 22.28309589251876, "test accuracy": 27.92, "lr": 0.05522642316338272}, "epoch 35": {"mean loss": 2.1492733882211357, "test loss": 23.94270184263587, "test accuracy": 23.7, "lr": 0.05313952597646571}, "epoch 36": {"mean loss": 2.163185455914958, "test loss": 19.84748886153102, "test accuracy": 30.34, "lr": 0.05104712099416788}, "epoch 37": {"mean loss": 2.129171967353967, "test loss": 19.136435702443123, "test accuracy": 25.06, "lr": 0.0489528790058322}, "epoch 38": {"mean loss": 2.1406496908048838, "test loss": 21.27181039378047, "test accuracy": 24.84, "lr": 0.046860474023534375}, "epoch 39": {"mean loss": 2.150941236854514, "test loss": 20.266478192061186, "test accuracy": 26.419999999999998, "lr": 0.04477357683661737}, "epoch 40": {"mean loss": 2.1610610770142595, "test loss": 20.07777613028884, "test accuracy": 26.3, "lr": 0.04269584857187947}, "epoch 41": {"mean loss": 2.1701424031916177, "test loss": 21.999694161117077, "test accuracy": 22.21, "lr": 0.040630934270713806}, "epoch 42": {"mean loss": 2.166141304061236, "test loss": 20.420672066509724, "test accuracy": 21.22, "lr": 0.03858245649446725}, "epoch 43": {"mean loss": 2.263577907439083, "test loss": 21.023501329123974, "test accuracy": 22.939999999999998, "lr": 0.03655400896923676}, "epoch 44": {"mean loss": 2.189818243541376, "test loss": 23.89953536912799, "test accuracy": 20.919999999999998, "lr": 0.03454915028125266}, "epoch 45": {"mean loss": 2.18608469182573, "test loss": 21.412988271564245, "test accuracy": 17.41, "lr": 0.032571397633909274}, "epoch 46": {"mean loss": 2.299139003467072, "test loss": 21.284822303801775, "test accuracy": 19.96, "lr": 0.030624220677394877}, "epoch 47": {"mean loss": 2.3282457680043662, "test loss": 21.980733938515186, "test accuracy": 17.69, "lr": 0.02871103542174639}, "epoch 48": {"mean loss": 2.26421782077121, "test loss": 23.797467097640038, "test accuracy": 20.1, "lr": 0.026835198244006944}, "epoch 49": {"mean loss": 2.254486716616794, "test loss": 21.542706299573183, "test accuracy": 19.96, "lr": 0.02500000000000001}, "epoch 50": {"mean loss": 2.2301565757797808, "test loss": 21.432392437011003, "test accuracy": 20.11, "lr": 0.023208660251050197}, "epoch 51": {"mean loss": 2.2329197583905875, "test loss": 21.021793760359287, "test accuracy": 18.27, "lr": 0.021464321615778437}, "epoch 52": {"mean loss": 2.2690493005620853, "test loss": 21.118413504213095, "test accuracy": 18.26, "lr": 0.019770044256881274}, "epoch 53": {"mean loss": 2.17977638729393, "test loss": 21.771200228482485, "test accuracy": 16.03, "lr": 0.01812880051256553}, "epoch 54": {"mean loss": 2.1966578506142893, "test loss": 24.813727863132954, "test accuracy": 13.36, "lr": 0.016543469682057103}, "epoch 55": {"mean loss": 2.175631592798111, "test loss": 20.641448229551315, "test accuracy": 15.959999999999999, "lr": 0.015016832974331736}, "epoch 56": {"mean loss": 2.1482072126530016, "test loss": 20.91172995045781, "test accuracy": 17.48, "lr": 0.013551568628929445}, "epoch 57": {"mean loss": 2.1971695694472175, "test loss": 20.934598170220852, "test accuracy": 17.560000000000002, "lr": 0.012150247217412195}, "epoch 58": {"mean loss": 2.1775650706742424, "test loss": 21.143691424280405, "test accuracy": 18.15, "lr": 0.010815327133708022}, "epoch 59": {"mean loss": 2.2031638360084473, "test loss": 21.221773460507393, "test accuracy": 16.220000000000002,