{"epoch 0": {"mean loss": 2.647715077070934, "test loss": 22.601488910615444, "test accuracy": 10.34, "lr": 0.09997532801828658}, "epoch 1": {"mean loss": 2.2525329964849954, "test loss": 19.740211118012667, "test accuracy": 22.64, "lr": 0.09990133642141358}, "epoch 2": {"mean loss": 1.8803047508839756, "test loss": 18.160117145627737, "test accuracy": 28.910000000000004, "lr": 0.099778098230154}, "epoch 3": {"mean loss": 1.5363784061978236, "test loss": 13.946714470162988, "test accuracy": 47.68, "lr": 0.0996057350657239}, "epoch 4": {"mean loss": 1.2509220439912108, "test loss": 12.77484368905425, "test accuracy": 54.52, "lr": 0.09938441702975688}, "epoch 5": {"mean loss": 1.0922210842294766, "test loss": 11.408031513914466, "test accuracy": 60.61, "lr": 0.09911436253643444}, "epoch 6": {"mean loss": 1.0024236775267765, "test loss": 11.016080783680081, "test accuracy": 59.550000000000004, "lr": 0.09879583809693737}, "epoch 7": {"mean loss": 0.9437979449853873, "test loss": 9.599794393405318, "test accuracy": 67.32000000000001, "lr": 0.09842915805643156}, "epoch 8": {"mean loss": 0.9018370070878197, "test loss": 10.733075954951346, "test accuracy": 63.78, "lr": 0.09801468428384716}, "epoch 9": {"mean loss": 0.8918627513491589, "test loss": 9.151152868755162, "test accuracy": 68.06, "lr": 0.09755282581475769}, "epoch 10": {"mean loss": 0.883690413001858, "test loss": 9.290567699819803, "test accuracy": 68.75, "lr": 0.09704403844771128}, "epoch 11": {"mean loss": 0.8641220928381776, "test loss": 9.454073006287217, "test accuracy": 68.28, "lr": 0.09648882429441258}, "epoch 12": {"mean loss": 0.8571307359601531, "test loss": 9.028620935976505, "test accuracy": 70.25, "lr": 0.09588773128419906}, "epoch 13": {"mean loss": 0.8570057428858774, "test loss": 9.366327717900276, "test accuracy": 67.13, "lr": 0.09524135262330098}, "epoch 14": {"mean loss": 0.8577600698108259, "test loss": 8.97013799007982, "test accuracy": 69.45, "lr": 0.0945503262094184}, "epoch 15": {"mean loss": 0.8430789443461791, "test loss": 8.707070598378778, "test accuracy": 70.21, "lr": 0.09381533400219319}, "epoch 16": {"mean loss": 0.8502531970096061, "test loss": 8.970723236910999, "test accuracy": 69.26, "lr": 0.0930371013501972}, "epoch 17": {"mean loss": 0.8522622654657535, "test loss": 8.776284190826118, "test accuracy": 70.35, "lr": 0.09221639627510078}, "epoch 18": {"mean loss": 0.8387627052452863, "test loss": 9.182015327736735, "test accuracy": 68.54, "lr": 0.09135402871372812}, "epoch 19": {"mean loss": 0.8386650676541316, "test loss": 8.643874812871218, "test accuracy": 70.5, "lr": 0.09045084971874741}, "epoch 20": {"mean loss": 0.8369551831880189, "test loss": 9.866781851276755, "test accuracy": 65.95, "lr": 0.08950775061878455}, "epoch 21": {"mean loss": 0.8346210560377907, "test loss": 9.36318890657276, "test accuracy": 67.69, "lr": 0.0885256621387895}, "epoch 22": {"mean loss": 0.8350850921457685, "test loss": 8.19138999748975, "test accuracy": 72.28, "lr": 0.08750555348152302}, "epoch 23": {"mean loss": 0.8336820625664328, "test loss": 8.757746676914394, "test accuracy": 69.71000000000001, "lr": 0.08644843137107061}, "epoch 24": {"mean loss": 0.8314865752482963, "test loss": 8.67195436079055, "test accuracy": 70.21, "lr": 0.0853553390593274}, "epoch 25": {"mean loss": 0.8319983508657006, "test loss": 8.848426919430494, "test accuracy": 69.98, "lr": 0.08422735529643446}, "epoch 26": {"mean loss": 0.8261685861879603, "test loss": 9.179331286810338, "test accuracy": 67.75, "lr": 0.08306559326618262}, "epoch 27": {"mean loss": 0.8251663612968781, "test loss": 9.29139521252364, "test accuracy": 68.11, "lr": 0.08187119948743452}, "epoch 28": {"mean loss": 0.8344061225652695, "test loss": 8.947294693440199, "test accuracy": 68.94, "lr": 0.08064535268264886}, "epoch 29": {"mean loss": 0.8298677965198331, "test loss": 8.652697118930519, "test accuracy": 70.07, "lr": 0.0793892626146237}, "epoch 30": {"mean loss": 0.8264505552590046, "test loss": 8.255144857801497, "test accuracy": 71.08, "lr": 0.07810416889260657}, "epoch 31": {"mean loss": 0.8226856225744232, "test loss": 8.910461088642478, "test accuracy": 69.73, "lr": 0.07679133974894986}, "epoch 32": {"mean loss": 0.8107509511663481, "test loss": 8.852469520643353, "test accuracy": 69.53, "lr": 0.0754520707875186}, "epoch 33": {"mean loss": 0.8045795162391784, "test loss": 8.843073723837733, "test accuracy": 69.33, "lr": 0.0740876837050858}, "epoch 34": {"mean loss": 0.80307900696002, "test loss": 8.151833860203624, "test accuracy": 72.36, "lr": 0.07269952498697738}, "epoch 35": {"mean loss": 0.8055359183827324, "test loss": 8.247518421150744, "test accuracy": 71.94, "lr": 0.07128896457825366}, "epoch 36": {"mean loss": 0.8006350156062704, "test loss": 8.839515612460673, "test accuracy": 70.17999999999999, "lr": 0.06985739453173906}, "epoch 37": {"mean loss": 0.7988980707838712, "test loss": 8.240484217181802, "test accuracy": 71.91, "lr": 0.06840622763423394}, "epoch 38": {"mean loss": 0.8019645345942749, "test loss": 8.081821731291711, "test accuracy": 72.72999999999999, "lr": 0.06693689601226462}, "epoch 39": {"mean loss": 0.790944514486491, "test loss": 8.55458960402757, "test accuracy": 70.88, "lr": 0.06545084971874741}, "epoch 40": {"mean loss": 0.7956412728790128, "test loss": 8.636531383730471, "test accuracy": 70.56, "lr": 0.06394955530196152}, "epoch 41": {"mean loss": 0.7819520603589085, "test loss": 8.852674297057092, "test accuracy": 69.03, "lr": 0.062434494358242776}, "epoch 42": {"mean loss": 0.7890778174409476, "test loss": 8.026421376504004, "test accuracy": 72.11, "lr": 0.06090716206982718}, "epoch 43": {"mean loss": 0.7764781955486674, "test loss": 8.248345199972391, "test accuracy": 72.11999999999999, "lr": 0.05936906572928628}, "epoch 44": {"mean loss": 0.7652576633197877, "test loss": 8.460030035115778, "test accuracy": 69.91000000000001, "lr": 0.05782172325201159}, "epoch 45": {"mean loss": 0.7658597334571506, "test loss": 9.21413476485759, "test accuracy": 66.42, "lr": 0.056266661678215264}, "epoch 46": {"mean loss": 0.7620057682018451, "test loss": 8.738040720112622, "test accuracy": 69.26, "lr": 0.05470541566592575}, "epoch 47": {"mean loss": 0.761075770458602, "test loss": 8.870507377199829, "test accuracy": 69.49, "lr": 0.053139525976465714}, "epoch 48": {"mean loss": 0.7650733143091202, "test loss": 10.80876786634326, "test accuracy": 62.43, "lr": 0.05157053795390645}, "epoch 49": {"mean loss": 0.7571497656347806, "test loss": 8.171458005905151, "test accuracy": 72.06, "lr": 0.05000000000000004}, "epoch 50": {"mean loss": 0.7544966143415407, "test loss": 8.233407716266811, "test accuracy": 72.33000000000001, "lr": 0.04842946204609362}, "epoch 51": {"mean loss": 0.7460073843941359, "test loss": 8.366062151268125, "test accuracy": 71.78999999999999, "lr": 0.04686047402353437}, "epoch 52": {"mean loss": 0.7385761575854343, "test loss": 8.175446653738618, "test accuracy": 71.95, "lr": 0.045294584334074316}, "epoch 53": {"mean loss": 0.7351983832123944, "test loss": 8.35683026816696, "test accuracy": 70.50999999999999, "lr": 0.043733338321784825}, "epoch 54": {"mean loss": 0.7335008897668566, "test loss": 7.604542835615575, "test accuracy": 73.86, "lr": 0.042178276747988484}, "epoch 55": {"mean loss": 0.722586195334754, "test loss": 8.223183881491423, "test accuracy": 71.31, "lr": 0.0406309342707138}, "epoch 56": {"mean loss": 0.7240146240005103, "test loss": 7.736688091419637, "test accuracy": 73.29, "lr": 0.039092837930172916}, "epoch 57": {"mean loss": 0.7198959228099154, "test loss": 7.880014419555664, "test accuracy": 72.78999999999999, "lr": 0.037565505641757285}, "epoch 58": {"mean loss": 0.7100084222796018, "test loss": 8.159840619191527, "test accuracy": 72.44, "lr": 0.03605044469803857}, "epoch 59": {"mean loss": 0.7068790493871245, "test loss": 8.159053409472108, "test accuracy": 72.26, "lr": 0.034549150281252675}, "epoch 60": {"mean loss": 0.700564812173319,