{"epoch 0": {"mean loss": 0.8809515880730451, "test loss": 5.171675032004714, "test accuracy": 88.13, "lr": 0.0001}, "epoch 1": {"mean loss": 0.8619344308019599, "test loss": 5.275420466903597, "test accuracy": 88.14999999999999, "lr": 0.0001}, "epoch 2": {"mean loss": 0.8740947601359214, "test loss": 5.304414741694927, "test accuracy": 87.59, "lr": 0.0001}, "epoch 3": {"mean loss": 0.8682180892704697, "test loss": 5.380297716706991, "test accuracy": 87.51, "lr": 0.0001}, "epoch 4": {"mean loss": 0.8629193795878259, "test loss": 5.340223201084882, "test accuracy": 87.57000000000001, "lr": 0.0001}, "epoch 5": {"mean loss": 0.8800950271965903, "test loss": 5.496332993730903, "test accuracy": 87.62, "lr": 0.0001}, "epoch 6": {"mean loss": 0.8591577735398431, "test loss": 5.324744284618646, "test accuracy": 87.64999999999999, "lr": 0.0001}, "epoch 7": {"mean loss": 0.8530251501161424, "test loss": 5.2589128613471985, "test accuracy": 87.76, "lr": 0.0001}, "epoch 8": {"mean loss": 0.8570882890687879, "test loss": 5.288671696558595, "test accuracy": 87.53, "lr": 0.0001}, "epoch 9": {"mean loss": 0.8802205848571895, "test loss": 5.320782883092761, "test accuracy": 87.46000000000001, "lr": 0.0001}, "epoch 10": {"mean loss": 0.8527367175616267, "test loss": 5.346797272562981, "test accuracy": 87.75, "lr": 0.0001}, "epoch 11": {"mean loss": 0.8955940510458349, "test loss": 5.256385279353708, "test accuracy": 87.72999999999999, "lr": 0.0001}, "epoch 12": {"mean loss": 0.8754879520524799, "test loss": 5.4496142975986, "test accuracy": 87.8, "lr": 0.0001}, "epoch 13": {"mean loss": 0.8470137541937401, "test loss": 5.4446862349286675, "test accuracy": 87.88, "lr": 0.0001}, "epoch 14": {"mean loss": 0.8775611302965437, "test loss": 5.418490085750818, "test accuracy": 87.92999999999999, "lr": 0.0001}, "epoch 15": {"mean loss": 0.8726431845170458, "test loss": 5.426382462494075, "test accuracy": 88.06, "lr": 0.0001}, "epoch 16": {"mean loss": 0.8698968407138229, "test loss": 5.195242875721306, "test accuracy": 87.96000000000001, "lr": 0.0001}, "epoch 17": {"mean loss": 0.8734352726232061, "test loss": 5.49260428827256, "test accuracy": 87.53, "lr": 0.0001}, "epoch 18": {"mean loss": 0.8655361188647083, "test loss": 5.374888591468334, "test accuracy": 87.85, "lr": 0.0001}, "epoch 19": {"mean loss": 0.8755431508316713, "test loss": 5.461267963517457, "test accuracy": 87.47, "lr": 0.0001}}