{"epoch 0": {"mean loss": 1.5611812459377623, "test loss": 11.893023246899247, "test accuracy": 57.28}, "epoch 1": {"mean loss": 1.0166202668798938, "test loss": 8.622625758871436, "test accuracy": 69.52000000000001}, "epoch 2": {"mean loss": 0.8049035123427252, "test loss": 7.311674563214183, "test accuracy": 74.57000000000001}, "epoch 3": {"mean loss": 0.6859828002908179, "test loss": 6.60270180599764, "test accuracy": 77.42999999999999}, "epoch 4": {"mean loss": 0.6078961615904126, "test loss": 6.072182254400104, "test accuracy": 78.81}, "epoch 5": {"mean loss": 0.5528247920904721, "test loss": 5.502155677881092, "test accuracy": 81.24}, "epoch 6": {"mean loss": 0.5077710770408999, "test loss": 5.112065705470741, "test accuracy": 82.5}, "epoch 7": {"mean loss": 0.4655195198576571, "test loss": 4.992471489589661, "test accuracy": 82.93}, "epoch 8": {"mean loss": 0.43880492288164047, "test loss": 4.5398286008276045, "test accuracy": 84.37}, "epoch 9": {"mean loss": 0.41047777972462385, "test loss": 4.802587548736483, "test accuracy": 83.50999999999999}, "epoch 10": {"mean loss": 0.3882941260638332, "test loss": 4.659482593182474, "test accuracy": 84.07}, "epoch 11": {"mean loss": 0.3662416663471316, "test loss": 4.289817119832151, "test accuracy": 85.61999999999999}, "epoch 12": {"mean loss": 0.3509438009938596, "test loss": 4.555709004402161, "test accuracy": 84.67}, "epoch 13": {"mean loss": 0.3325323654995351, "test loss": 4.248740223934874, "test accuracy": 85.63}, "epoch 14": {"mean loss": 0.31845922526436893, "test loss": 4.227265429217368, "test accuracy": 86.0}, "epoch 15": {"mean loss": 0.30423468181426067, "test loss": 4.265124455327168, "test accuracy": 85.7}, "epoch 16": {"mean loss": 0.29165306153944953, "test loss": 4.003727083676495, "test accuracy": 86.42}, "epoch 17": {"mean loss": 0.284011716326974, "test loss": 4.200647029210813, "test accuracy": 86.04}, "epoch 18": {"mean loss": 0.27078977453040337, "test loss": 3.871156108682044, "test accuracy": 86.61999999999999}, "epoch 19": {"mean loss": 0.26610353207114373, "test loss": 3.9063693737844005, "test accuracy": 86.91}, "epoch 20": {"mean loss": 0.25602962516643873, "test loss": 3.7127245450392365, "test accuracy": 87.27000000000001}, "epoch 21": {"mean loss": 0.2474639183381049, "test loss": 3.6691186758689582, "test accuracy": 87.8}, "epoch 22": {"mean loss": 0.2398321740484188, "test loss": 3.6059768381528556, "test accuracy": 87.9}, "epoch 23": {"mean loss": 0.2322163731431778, "test loss": 3.912163807428442, "test accuracy": 87.06}, "epoch 24": {"mean loss": 0.22753901561628015, "test loss": 4.101832926506177, "test accuracy": 86.6}, "epoch 25": {"mean loss": 0.22128998197291, "test loss": 3.770148490322754, "test accuracy": 87.55}, "epoch 26": {"mean loss": 0.22102557177585683, "test loss": 3.6778003879007883, "test accuracy": 88.03}, "epoch 27": {"mean loss": 0.21514929882748265, "test loss": 3.6018295413814485, "test accuracy": 87.96000000000001}, "epoch 28": {"mean loss": 0.20932398162667787, "test loss": 3.811720038531348, "test accuracy": 87.53}, "epoch 29": {"mean loss": 0.20757897888558727, "test loss": 3.6027870976831764, "test accuracy": 88.0}, "epoch 30": {"mean loss": 0.20551599632717446, "test loss": 3.570350003312342, "test accuracy": 87.97}, "epoch 31": {"mean loss": 0.1999043369545379, "test loss": 3.647679195855744, "test accuracy": 88.03999999999999}, "epoch 32": {"mean loss": 0.19986510476346533, "test loss": 3.920154192019254, "test accuracy": 87.3}, "epoch 33": {"mean loss": 0.18968241713328557, "test loss": 3.6429545247810893, "test accuracy": 88.24}, "epoch 34": {"mean loss": 0.19059592790982696, "test loss": 3.704870646033669, "test accuracy": 87.8}, "epoch 35": {"mean loss": 0.1891512220263033, "test loss": 3.5913129643304273, "test accuracy": 88.36}, "epoch 36": {"mean loss": 0.19001716247837816, "test loss": 3.666686405427754, "test accuracy": 87.38}, "epoch 37": {"mean loss": 0.18767714091968113, "test loss": 3.8378951436607167, "test accuracy": 87.63}, "epoch 38": {"mean loss": 0.1805072859863936, "test loss": 3.6786035515833646, "test accuracy": 88.35}, "epoch 39": {"mean loss": 0.18428663060162037, "test loss": 3.5426717109512538, "test accuracy": 88.32}, "epoch 40": {"mean loss": 0.1804183721792618, "test loss": 3.5853333758423105, "test accuracy": 88.08}, "epoch 41": {"mean loss": 0.1819252897273232, "test loss": 3.693790827644989, "test accuracy": 87.81}, "epoch 42": {"mean loss": 0.1754365714924721, "test loss": 3.7130188880255446, "test accuracy": 88.02}, "epoch 43": {"mean loss": 0.17191932836496251, "test loss": 3.678056292643305, "test accuracy": 88.18}, "epoch 44": {"mean loss": 0.17221558093667144, "test loss": 3.7650696855271235, "test accuracy": 87.83}, "epoch 45": {"mean loss": 0.17032955343801093, "test loss": 3.7441018106183037, "test accuracy": 88.47}, "epoch 46": {"mean loss": 0.17213779717435915, "test loss": 3.7961884875549003, "test accuracy": 88.18}, "epoch 47": {"mean loss": 0.17106013180079058, "test loss": 3.632738775690086, "test accuracy": 88.52}, "epoch 48": {"mean loss": 0.16449188220571495, "test loss": 3.5909656572621316, "test accuracy": 88.53}, "epoch 49": {"mean loss": 0.167151590735042, "test loss": 3.5890553118661046, "test accuracy": 88.51}, "epoch 50": {"mean loss": 1.294817252278862, "test loss": 4.768251770641655, "test accuracy": 88.51}, "epoch 51": {"mean loss": 1.225567181552364, "test loss": 4.593322706408799, "test accuracy": 88.91}, "epoch 52": {"mean loss": 1.1973977692506288, "test loss": 4.370832468383014, "test accuracy": 88.51}, "epoch 53": {"mean loss": 1.1576135519293738, "test loss": 3.9544123304076493, "test accuracy": 89.21}, "epoch 54": {"mean loss": 1.142067682272108, "test loss": 4.063324615824968, "test accuracy": 88.71}, "epoch 55": {"mean loss": 1.1700562188450678, "test loss": 3.971031239721924, "test accuracy": 89.12}, "epoch 56": {"mean loss": 1.1423916631376445, "test loss": 3.8069935138337314, "test accuracy": 89.48}, "epoch 57": {"mean loss": 1.154481191114211, "test loss": 3.9883740609511733, "test accuracy": 88.94999999999999}, "epoch 58": {"mean loss": 1.1395782049046979, "test loss": 3.863102136645466, "test accuracy": 89.01}, "epoch 59": {"mean loss": 1.137650772328569, "test loss": 4.081809741910547, "test accuracy": 88.66000000000001}, "epoch 60": {"mean loss": 1.124898332151479, "test loss": 4.093585637863725, "test accuracy": 88.61}, "epoch 61": {"mean loss": 1.1243667717706067, "test loss": 3.8877637395635247, "test accuracy": 88.29}, "epoch 62": {"mean loss": 1.120635189711857, "test loss": 3.834187493659556, "test accuracy": 89.11}, "epoch 63": {"mean loss": 1.1049592597165783, "test loss": 3.698283171514049, "test accuracy": 89.81}, "epoch 64": {"mean loss": 1.1005160395182332, "test loss": 3.6783901466988027, "test accuracy": 89.4}, "epoch 65": {"mean loss": 1.110442205681987, "test loss": 3.8971088635735214, "test accuracy": 89.31}, "epoch 66": {"mean loss": 1.094059746891203, "test loss": 3.9727043313905597, "test accuracy": 88.75}, "epoch 67": {"mean loss": 1.1006426588225198, "test loss": 3.8856239619199187, "test accuracy": 89.28}, "epoch 68": {"mean loss": 1.1050876708116122, "test loss": 3.77903130534105, "test accuracy": 89.24}, "epoch 69": {"mean loss": 1.1005671978740454, "test loss": 3.7629506117664278, "test accuracy": 89.07000000000001}, "epoch 70": {"mean loss": 1.0900653138976026, "test loss": 3.611218699021265, "test accuracy": 89.19}, "epoch 71": {"mean loss": 1.0700811676476067, "test loss": 3.6953917499631643, "test accuracy": 88.84}, "epoch 72": {"mean loss": 1.087218562371061, "test loss": 3.821890097577125, "test accuracy": 88.39}, "epoch 73": {"mean loss": 1.0803904369502058, "test loss": 3.502013318473473, "test accuracy": 90.14}, "epoch 74": {"mean loss": 1.078454745279164, "test loss": 3.6167850010097027, "test accuracy": 89.4}, "epoch 75": {"mean loss": 1.06782611584385, "test loss": 3.6535461160819978, "test accuracy": 89.3},