{"epoch 0": {"mean loss": 2.3680283433336125, "test loss": 20.630464382469654, "test accuracy": 18.91, "lr": 0.1}, "epoch 1": {"mean loss": 1.9777757866913095, "test loss": 18.501325506716967, "test accuracy": 24.45, "lr": 0.1}, "epoch 2": {"mean loss": 1.723661905054546, "test loss": 14.992009829729795, "test accuracy": 41.42, "lr": 0.1}, "epoch 3": {"mean loss": 1.371915570457878, "test loss": 12.276768183335662, "test accuracy": 55.98, "lr": 0.1}, "epoch 4": {"mean loss": 1.1339890049089252, "test loss": 11.849979491904378, "test accuracy": 58.43000000000001, "lr": 0.1}, "epoch 5": {"mean loss": 1.010795947307211, "test loss": 10.4867551214993, "test accuracy": 63.78, "lr": 0.1}, "epoch 6": {"mean loss": 0.9277632109192021, "test loss": 9.544546759687364, "test accuracy": 67.29, "lr": 0.1}, "epoch 7": {"mean loss": 0.8810490154091964, "test loss": 9.192182226106524, "test accuracy": 69.86, "lr": 0.1}, "epoch 8": {"mean loss": 0.8355304238665134, "test loss": 8.848544456064701, "test accuracy": 70.45, "lr": 0.1}, "epoch 9": {"mean loss": 0.8014749903279497, "test loss": 8.05413765553385, "test accuracy": 73.55000000000001, "lr": 0.1}, "epoch 10": {"mean loss": 0.7893536064935767, "test loss": 9.163423908874393, "test accuracy": 70.44, "lr": 0.1}, "epoch 11": {"mean loss": 0.7565427867652815, "test loss": 7.8664368418976665, "test accuracy": 73.85000000000001, "lr": 0.1}, "epoch 12": {"mean loss": 0.7547757014289231, "test loss": 8.010827991180122, "test accuracy": 74.15, "lr": 0.1}, "epoch 13": {"mean loss": 0.7411982984189183, "test loss": 8.623896977864206, "test accuracy": 72.08, "lr": 0.1}, "epoch 14": {"mean loss": 0.7236613913265335, "test loss": 7.43233725335449, "test accuracy": 75.31, "lr": 0.1}, "epoch 15": {"mean loss": 0.7158415720362188, "test loss": 8.070746605750173, "test accuracy": 72.85000000000001, "lr": 0.1}, "epoch 16": {"mean loss": 0.7006097320095658, "test loss": 6.953793922439218, "test accuracy": 76.74, "lr": 0.1}, "epoch 17": {"mean loss": 0.6939212024364325, "test loss": 7.41364449262619, "test accuracy": 75.8, "lr": 0.1}, "epoch 18": {"mean loss": 0.6943916263787643, "test loss": 7.147743875160813, "test accuracy": 76.35, "lr": 0.1}, "epoch 19": {"mean loss": 0.689062604971249, "test loss": 8.231699689291418, "test accuracy": 73.53, "lr": 0.1}, "epoch 20": {"mean loss": 0.679770217527209, "test loss": 6.994277557358146, "test accuracy": 76.63, "lr": 0.1}, "epoch 21": {"mean loss": 0.6709490046476769, "test loss": 7.852398686110973, "test accuracy": 73.83, "lr": 0.1}, "epoch 22": {"mean loss": 0.6797307033063201, "test loss": 7.3793755723163486, "test accuracy": 75.61, "lr": 0.1}, "epoch 23": {"mean loss": 0.6645077865218263, "test loss": 7.287081119604409, "test accuracy": 75.87, "lr": 0.1}, "epoch 24": {"mean loss": 0.6616652650220315, "test loss": 8.139225848019123, "test accuracy": 74.2, "lr": 0.1}, "epoch 25": {"mean loss": 0.658393922021322, "test loss": 7.233227997086942, "test accuracy": 75.82, "lr": 0.1}, "epoch 26": {"mean loss": 0.6525350423039072, "test loss": 7.189070049673319, "test accuracy": 76.57000000000001, "lr": 0.1}, "epoch 27": {"mean loss": 0.6523252395946352, "test loss": 6.914880068041384, "test accuracy": 77.06, "lr": 0.1}, "epoch 28": {"mean loss": 0.6529461381685399, "test loss": 6.916062326170504, "test accuracy": 76.83, "lr": 0.1}, "epoch 29": {"mean loss": 0.6471594097592946, "test loss": 6.848647301085293, "test accuracy": 77.17, "lr": 0.1}, "epoch 30": {"mean loss": 0.6564152969042664, "test loss": 7.169122496619821, "test accuracy": 76.36, "lr": 0.1}, "epoch 31": {"mean loss": 0.6474073027329676, "test loss": 7.508375291712582, "test accuracy": 75.55, "lr": 0.1}, "epoch 32": {"mean loss": 0.649038833425478, "test loss": 8.25570671632886, "test accuracy": 72.48, "lr": 0.010000000000000002}, "epoch 33": {"mean loss": 0.38611490990671204, "test loss": 4.359480912797153, "test accuracy": 85.65, "lr": 0.010000000000000002}, "epoch 34": {"mean loss": 0.3195409868436549, "test loss": 4.139664783142507, "test accuracy": 86.03, "lr": 0.010000000000000002}, "epoch 35": {"mean loss": 0.28946722309340905, "test loss": 3.983337296755053, "test accuracy": 86.61999999999999, "lr": 0.010000000000000002}, "epoch 36": {"mean loss": 0.27423167216312855, "test loss": 3.9811065217945725, "test accuracy": 86.82, "lr": 0.010000000000000002}, "epoch 37": {"mean loss": 0.2574913759175164, "test loss": 3.7779177726479247, "test accuracy": 87.72, "lr": 0.010000000000000002}, "epoch 38": {"mean loss": 0.24105209459924637, "test loss": 3.9764933079713956, "test accuracy": 87.2, "lr": 0.010000000000000002}, "epoch 39": {"mean loss": 0.23836526518587567, "test loss": 3.7542376536875963, "test accuracy": 87.71, "lr": 0.010000000000000002}, "epoch 40": {"mean loss": 0.22820884077940756, "test loss": 3.75626227830071, "test accuracy": 87.6, "lr": 0.010000000000000002}, "epoch 41": {"mean loss": 0.22255954229751665, "test loss": 3.7652088048052974, "test accuracy": 88.08, "lr": 0.010000000000000002}, "epoch 42": {"mean loss": 0.21243661624448532, "test loss": 3.76028487412259, "test accuracy": 87.71, "lr": 0.010000000000000002}, "epoch 43": {"mean loss": 0.21348778468073176, "test loss": 3.9948831673245877, "test accuracy": 87.39, "lr": 0.010000000000000002}, "epoch 44": {"mean loss": 0.20862994054356193, "test loss": 3.9537010568892583, "test accuracy": 87.26, "lr": 0.010000000000000002}, "epoch 45": {"mean loss": 0.20819252345930128, "test loss": 4.004326791851781, "test accuracy": 87.24, "lr": 0.010000000000000002}, "epoch 46": {"mean loss": 0.20709287087478295, "test loss": 3.9016140692401677, "test accuracy": 87.42999999999999, "lr": 0.010000000000000002}, "epoch 47": {"mean loss": 0.2015423125961362, "test loss": 4.0202345182187855, "test accuracy": 87.32, "lr": 0.010000000000000002}, "epoch 48": {"mean loss": 0.20652980462688467, "test loss": 4.04554698424181, "test accuracy": 86.96000000000001, "lr": 0.010000000000000002}, "epoch 49": {"mean loss": 0.20425583040365553, "test loss": 3.9719247774919495, "test accuracy": 87.62, "lr": 0.010000000000000002}, "epoch 50": {"mean loss": 0.20188661415101317, "test loss": 4.041749835188966, "test accuracy": 86.8, "lr": 0.010000000000000002}, "epoch 51": {"mean loss": 0.2007967625575526, "test loss": 4.088816245959606, "test accuracy": 86.92, "lr": 0.010000000000000002}, "epoch 52": {"mean loss": 0.19638091402457042, "test loss": 3.941185975447297, "test accuracy": 87.64, "lr": 0.010000000000000002}, "epoch 53": {"mean loss": 0.19899088943667728, "test loss": 4.053464888304006, "test accuracy": 87.05000000000001, "lr": 0.010000000000000002}, "epoch 54": {"mean loss": 0.19440925776567833, "test loss": 3.8475009712274186, "test accuracy": 87.83999999999999, "lr": 0.010000000000000002}, "epoch 55": {"mean loss": 0.18926621251799108, "test loss": 4.02992442343384, "test accuracy": 87.22, "lr": 0.010000000000000002}, "epoch 56": {"mean loss": 0.19007931849049867, "test loss": 4.029878614004701, "test accuracy": 87.15, "lr": 0.010000000000000002}, "epoch 57": {"mean loss": 0.18762888079104217, "test loss": 3.9732385660754517, "test accuracy": 87.31, "lr": 0.010000000000000002}, "epoch 58": {"mean loss": 0.1861984533927096, "test loss": 4.122190571157262, "test accuracy": 87.41, "lr": 0.010000000000000002}, "epoch 59": {"mean loss": 0.1858537637907297, "test loss": 4.0201933609787375, "test accuracy": 87.15, "lr": 0.010000000000000002}, "epoch 60": {"mean loss": 0.18052326457198623, "test loss": 4.266546768252738, "test accuracy": 87.14, "lr": 0.010000000000000002}, "epoch 61": {"mean loss": 0.18192095750623652, "test loss": 4.177207151777111, "test accuracy": 87.07000000000001, "lr": 0.010000000000000002}, "epoch 62": {"mean loss": 0.18366885860748303, "test loss": 4.289709828328341, "test accuracy": 86.36, "lr": 0.010000000000000002}, "epoch 63": {"mean loss": 0.18046015312375924, "test loss": 4.081386841950007, "test accuracy": 87.02, "lr": 0.010000000000000002},