{"epoch 0": {"mean loss": 1.4167777716694012, "test loss": 11.439776776358485, "test accuracy": 57.79}, "epoch 1": {"mean loss": 0.9624435722027082, "test loss": 8.771440329961479, "test accuracy": 69.31}, "epoch 2": {"mean loss": 0.7725357291642017, "test loss": 7.589102713391185, "test accuracy": 72.99}, "epoch 3": {"mean loss": 0.6642336780854852, "test loss": 7.025257130153477, "test accuracy": 75.53999999999999}, "epoch 4": {"mean loss": 0.5903195366787742, "test loss": 6.46872984059155, "test accuracy": 77.7}, "epoch 5": {"mean loss": 0.539279967946878, "test loss": 5.614386063534766, "test accuracy": 80.65}, "epoch 6": {"mean loss": 0.489823042045056, "test loss": 5.319562566932291, "test accuracy": 81.54}, "epoch 7": {"mean loss": 0.4526691694415615, "test loss": 5.444586527068168, "test accuracy": 81.02000000000001}, "epoch 8": {"mean loss": 0.42000042529382237, "test loss": 5.226334543549456, "test accuracy": 81.91000000000001}, "epoch 9": {"mean loss": 0.38946608196579335, "test loss": 5.217486935667694, "test accuracy": 82.61}, "epoch 10": {"mean loss": 0.3669405723096694, "test loss": 4.885819130577147, "test accuracy": 83.16}, "epoch 11": {"mean loss": 0.34179355758251245, "test loss": 4.693323763203807, "test accuracy": 84.56}, "epoch 12": {"mean loss": 0.3235538737873427, "test loss": 4.602250986965373, "test accuracy": 84.5}, "epoch 13": {"mean loss": 0.30527507329046233, "test loss": 4.470446662744507, "test accuracy": 85.18}, "epoch 14": {"mean loss": 0.2867376582145271, "test loss": 4.678791980491951, "test accuracy": 84.39}, "epoch 15": {"mean loss": 0.27392161294331707, "test loss": 4.302708137780428, "test accuracy": 85.66}, "epoch 16": {"mean loss": 0.25739878982720243, "test loss": 4.296588141878601, "test accuracy": 85.98}, "epoch 17": {"mean loss": 0.24602312373589683, "test loss": 4.449188079917803, "test accuracy": 85.45}, "epoch 18": {"mean loss": 0.22907325093558753, "test loss": 4.219522529048845, "test accuracy": 86.29}, "epoch 19": {"mean loss": 0.22140166730699215, "test loss": 4.807817365392111, "test accuracy": 84.61999999999999}, "epoch 20": {"mean loss": 0.20913791421190694, "test loss": 4.267987011524383, "test accuracy": 86.11999999999999}, "epoch 21": {"mean loss": 0.20053364698711357, "test loss": 4.101491182576865, "test accuracy": 86.5}, "epoch 22": {"mean loss": 0.1908278354417988, "test loss": 4.362075915909372, "test accuracy": 86.61999999999999}, "epoch 23": {"mean loss": 0.17790133650137574, "test loss": 4.287861088523641, "test accuracy": 86.52}, "epoch 24": {"mean loss": 0.16711650501879471, "test loss": 4.403457125998102, "test accuracy": 86.82}, "epoch 25": {"mean loss": 0.16194444699469127, "test loss": 4.432820662041195, "test accuracy": 85.85000000000001}, "epoch 26": {"mean loss": 0.15380734314883435, "test loss": 4.972639241022989, "test accuracy": 84.86}, "epoch 27": {"mean loss": 0.14644800154259877, "test loss": 4.289751873060595, "test accuracy": 87.07000000000001}, "epoch 28": {"mean loss": 0.13978436361147437, "test loss": 4.471278501092456, "test accuracy": 86.71}, "epoch 29": {"mean loss": 0.13649961446508435, "test loss": 4.36503771255957, "test accuracy": 86.98}, "epoch 30": {"mean loss": 0.1236671909096431, "test loss": 4.41190046997508, "test accuracy": 87.36}, "epoch 31": {"mean loss": 0.12384574433165392, "test loss": 4.452987800119445, "test accuracy": 87.31}, "epoch 32": {"mean loss": 0.1170673884531234, "test loss": 4.729685292579234, "test accuracy": 86.50999999999999}, "epoch 33": {"mean loss": 0.11440726932285977, "test loss": 4.320909052854404, "test accuracy": 87.68}, "epoch 34": {"mean loss": 0.10917148209815715, "test loss": 4.464944660576293, "test accuracy": 87.7}, "epoch 35": {"mean loss": 0.10001194525375409, "test loss": 4.4328790354775265, "test accuracy": 87.25}, "epoch 36": {"mean loss": 0.101857333555186, "test loss": 4.435257965160417, "test accuracy": 87.8}, "epoch 37": {"mean loss": 0.09384796659258669, "test loss": 4.665940314356703, "test accuracy": 87.44}, "epoch 38": {"mean loss": 0.08921641037636749, "test loss": 4.727044821251184, "test accuracy": 87.5}, "epoch 39": {"mean loss": 0.08439035183748306, "test loss": 4.513969537052617, "test accuracy": 88.33}, "epoch 40": {"mean loss": 0.08510495097337974, "test loss": 4.623678558215033, "test accuracy": 87.53}, "epoch 41": {"mean loss": 0.07978100304038074, "test loss": 5.069681055902038, "test accuracy": 86.58}, "epoch 42": {"mean loss": 0.0782917166376854, "test loss": 4.7717591864056885, "test accuracy": 87.01}, "epoch 43": {"mean loss": 0.07738248145743139, "test loss": 4.431054883520119, "test accuracy": 88.07000000000001}, "epoch 44": {"mean loss": 0.07180253058048984, "test loss": 4.826691813635989, "test accuracy": 87.61}, "epoch 45": {"mean loss": 0.06967567008909885, "test loss": 4.803496338005061, "test accuracy": 87.42999999999999}, "epoch 46": {"mean loss": 0.0664992336362841, "test loss": 4.655281379702501, "test accuracy": 88.03}, "epoch 47": {"mean loss": 0.06772691173762291, "test loss": 4.711328545497963, "test accuracy": 87.66000000000001}, "epoch 48": {"mean loss": 0.061907549228123554, "test loss": 4.595017446903512, "test accuracy": 88.03999999999999}, "epoch 49": {"mean loss": 0.06313440035724738, "test loss": 4.873300023144111, "test accuracy": 87.62}}