{"epoch 0": {"mean loss": 1.5570457269195097, "test loss": 11.474600527435541, "test accuracy": 57.92}, "epoch 1": {"mean loss": 1.0294718122299253, "test loss": 9.009551444090903, "test accuracy": 68.72}, "epoch 2": {"mean loss": 0.8331359936995759, "test loss": 7.79815873503685, "test accuracy": 72.52}, "epoch 3": {"mean loss": 0.7223314414860267, "test loss": 7.138558140024543, "test accuracy": 75.03}, "epoch 4": {"mean loss": 0.6397814021534594, "test loss": 6.61125643318519, "test accuracy": 77.35}, "epoch 5": {"mean loss": 0.575490172425677, "test loss": 5.7336773169226944, "test accuracy": 80.02}, "epoch 6": {"mean loss": 0.5311623857721868, "test loss": 5.586559845600277, "test accuracy": 80.65}, "epoch 7": {"mean loss": 0.4924752273461564, "test loss": 5.375358595047146, "test accuracy": 81.6}, "epoch 8": {"mean loss": 0.4574852698528454, "test loss": 4.988957048393786, "test accuracy": 82.74000000000001}, "epoch 9": {"mean loss": 0.4276703824256371, "test loss": 5.1419363245368, "test accuracy": 82.11}, "epoch 10": {"mean loss": 0.3990541780540292, "test loss": 4.830795319052413, "test accuracy": 83.24000000000001}, "epoch 11": {"mean loss": 0.37864561165877814, "test loss": 4.505852566566318, "test accuracy": 84.46000000000001}, "epoch 12": {"mean loss": 0.3546940242837082, "test loss": 4.58640530728735, "test accuracy": 84.00999999999999}, "epoch 13": {"mean loss": 0.3334517971787099, "test loss": 4.409734888467938, "test accuracy": 85.19}, "epoch 14": {"mean loss": 0.3150166891972872, "test loss": 4.921613090205938, "test accuracy": 83.28999999999999}, "epoch 15": {"mean loss": 0.2982120284654548, "test loss": 4.254312130622566, "test accuracy": 85.1}, "epoch 16": {"mean loss": 0.27926512746651605, "test loss": 4.557815244887024, "test accuracy": 84.68}, "epoch 17": {"mean loss": 0.2711406290025873, "test loss": 4.1394114141585305, "test accuracy": 86.06}, "epoch 18": {"mean loss": 0.2578882930188971, "test loss": 4.481281892163679, "test accuracy": 85.22999999999999}, "epoch 19": {"mean loss": 0.24370768159313302, "test loss": 4.336373213445768, "test accuracy": 85.42999999999999}, "epoch 20": {"mean loss": 0.22699584483311427, "test loss": 4.091646419547033, "test accuracy": 86.52}, "epoch 21": {"mean loss": 0.21996686842366434, "test loss": 3.983793843537569, "test accuracy": 86.66}, "epoch 22": {"mean loss": 0.20834958416267382, "test loss": 4.138737404369749, "test accuracy": 86.82}, "epoch 23": {"mean loss": 0.20148895787443402, "test loss": 4.095853603561409, "test accuracy": 87.06}, "epoch 24": {"mean loss": 0.18590744954110222, "test loss": 4.12039931199979, "test accuracy": 86.78}, "epoch 25": {"mean loss": 0.18261231508067857, "test loss": 4.252467082318617, "test accuracy": 86.56}, "epoch 26": {"mean loss": 0.1725005519815309, "test loss": 4.423514901835006, "test accuracy": 86.46000000000001}, "epoch 27": {"mean loss": 0.16576215748449338, "test loss": 4.078661566716619, "test accuracy": 87.1}, "epoch 28": {"mean loss": 0.15523753863606204, "test loss": 4.072103148966562, "test accuracy": 87.37}, "epoch 29": {"mean loss": 0.15259567230581755, "test loss": 4.194075687497389, "test accuracy": 86.83}}