{"epoch 0": {"mean loss": 1.3605629425360009, "test loss": 10.850386368110776, "test accuracy": 60.97}, "epoch 1": {"mean loss": 0.9008349243334601, "test loss": 8.341982976533473, "test accuracy": 70.06}, "epoch 2": {"mean loss": 0.7347706541256956, "test loss": 6.818772039376199, "test accuracy": 75.92}, "epoch 3": {"mean loss": 0.6303265682890563, "test loss": 6.449531825259328, "test accuracy": 77.42}, "epoch 4": {"mean loss": 0.558325732023153, "test loss": 6.240159104578197, "test accuracy": 78.34}, "epoch 5": {"mean loss": 0.5070484922489751, "test loss": 5.687085163546726, "test accuracy": 80.46}, "epoch 6": {"mean loss": 0.46574314693209456, "test loss": 5.234084838535637, "test accuracy": 81.63}, "epoch 7": {"mean loss": 0.4275174650887381, "test loss": 5.107591917505488, "test accuracy": 82.05}, "epoch 8": {"mean loss": 0.3952612459912219, "test loss": 4.805731459753588, "test accuracy": 83.73}, "epoch 9": {"mean loss": 0.36372795073709957, "test loss": 4.496920832665637, "test accuracy": 84.39}, "epoch 10": {"mean loss": 0.341942854831025, "test loss": 4.461461048107594, "test accuracy": 84.59}, "epoch 11": {"mean loss": 0.3162850952318137, "test loss": 4.462462221039459, "test accuracy": 84.45}, "epoch 12": {"mean loss": 0.2995159621454742, "test loss": 4.398713334463537, "test accuracy": 84.95}, "epoch 13": {"mean loss": 0.2845854630249285, "test loss": 4.503090145008173, "test accuracy": 84.69}, "epoch 14": {"mean loss": 0.26380083269260285, "test loss": 4.55282975663431, "test accuracy": 84.7}, "epoch 15": {"mean loss": 0.253055791968214, "test loss": 4.331690261838958, "test accuracy": 85.86}, "epoch 16": {"mean loss": 0.23745168318467896, "test loss": 4.162093163700774, "test accuracy": 86.2}, "epoch 17": {"mean loss": 0.22326540577887383, "test loss": 4.051149323349819, "test accuracy": 86.63}, "epoch 18": {"mean loss": 0.21093901960740505, "test loss": 4.152143308601808, "test accuracy": 86.56}, "epoch 19": {"mean loss": 0.2022941720154153, "test loss": 4.008762806712184, "test accuracy": 86.72}, "epoch 20": {"mean loss": 0.1869072639994128, "test loss": 3.9301086282357574, "test accuracy": 87.3}, "epoch 21": {"mean loss": 0.17882805484479922, "test loss": 4.4116891684243456, "test accuracy": 86.00999999999999}, "epoch 22": {"mean loss": 0.17127283720593955, "test loss": 4.229165307013318, "test accuracy": 86.53999999999999}, "epoch 23": {"mean loss": 0.16398317565854284, "test loss": 4.389543738274369, "test accuracy": 86.64}, "epoch 24": {"mean loss": 0.1574215427412272, "test loss": 4.162245530053042, "test accuracy": 87.39}, "epoch 25": {"mean loss": 0.14602209223131635, "test loss": 3.9149766670307145, "test accuracy": 88.22}, "epoch 26": {"mean loss": 0.13929958592907252, "test loss": 3.885082941967994, "test accuracy": 88.07000000000001}, "epoch 27": {"mean loss": 0.132979328093141, "test loss": 4.022895777132362, "test accuracy": 88.37}, "epoch 28": {"mean loss": 0.1242770783088372, "test loss": 4.30200424825307, "test accuracy": 87.72}, "epoch 29": {"mean loss": 0.12137313044221235, "test loss": 4.001616542926058, "test accuracy": 88.16000000000001}, "epoch 30": {"mean loss": 0.11536299000507291, "test loss": 4.225628367916215, "test accuracy": 87.94999999999999}, "epoch 31": {"mean loss": 0.10769682280065031, "test loss": 4.185296634561382, "test accuracy": 88.29}, "epoch 32": {"mean loss": 0.10511434515671517, "test loss": 4.037863369681872, "test accuracy": 88.94}, "epoch 33": {"mean loss": 0.10175258041224225, "test loss": 4.088169806316728, "test accuracy": 88.33}, "epoch 34": {"mean loss": 0.09706045561160247, "test loss": 4.122620224021375, "test accuracy": 88.3}, "epoch 35": {"mean loss": 0.09078804601561243, "test loss": 4.395902124902932, "test accuracy": 87.92}, "epoch 36": {"mean loss": 0.09032689174555268, "test loss": 4.187311910674907, "test accuracy": 88.66000000000001}, "epoch 37": {"mean loss": 0.0825999961916884, "test loss": 4.296406273002503, "test accuracy": 88.62}, "epoch 38": {"mean loss": 0.08223745073970903, "test loss": 4.293343466415536, "test accuracy": 88.34}, "epoch 39": {"mean loss": 0.07530906392770545, "test loss": 4.2958293098490685, "test accuracy": 88.71}, "epoch 40": {"mean loss": 0.07415862883183741, "test loss": 4.305683709331788, "test accuracy": 88.42999999999999}, "epoch 41": {"mean loss": 0.07204620241700246, "test loss": 4.22178153317509, "test accuracy": 88.88000000000001}, "epoch 42": {"mean loss": 0.07184457988673759, "test loss": 4.260865347489016, "test accuracy": 88.91}, "epoch 43": {"mean loss": 0.06367362687889021, "test loss": 4.415382006685832, "test accuracy": 88.51}, "epoch 44": {"mean loss": 0.06593138259920897, "test loss": 4.210771074387594, "test accuracy": 89.05999999999999}, "epoch 45": {"mean loss": 0.05921876411272781, "test loss": 4.796839852584526, "test accuracy": 88.13}, "epoch 46": {"mean loss": 0.0626651577308176, "test loss": 4.44801998679759, "test accuracy": 88.59}, "epoch 47": {"mean loss": 0.05752086174256935, "test loss": 4.46561850674334, "test accuracy": 88.77000000000001}, "epoch 48": {"mean loss": 0.05740328279150482, "test loss": 4.418539421720197, "test accuracy": 88.7}, "epoch 49": {"mean loss": 0.05649971389007634, "test loss": 4.384993645922805, "test accuracy": 89.16}}