{"epoch 0": {"mean loss": 1.7268598925510585, "test loss": 12.964530194178224, "test accuracy": 51.74999999999999}, "epoch 1": {"mean loss": 1.1255376637363312, "test loss": 9.246686895377934, "test accuracy": 66.86}, "epoch 2": {"mean loss": 0.8585894535500044, "test loss": 8.520829384215176, "test accuracy": 69.51}, "epoch 3": {"mean loss": 0.725729053047553, "test loss": 6.948622071184218, "test accuracy": 76.14999999999999}, "epoch 4": {"mean loss": 0.6349908446682163, "test loss": 6.167351251933724, "test accuracy": 79.12}, "epoch 5": {"mean loss": 0.5672779611895196, "test loss": 5.972092784941196, "test accuracy": 79.67}, "epoch 6": {"mean loss": 0.524427712692981, "test loss": 5.367055743001401, "test accuracy": 81.57}, "epoch 7": {"mean loss": 0.47795733790403744, "test loss": 5.54697981569916, "test accuracy": 80.74}, "epoch 8": {"mean loss": 0.44432951609102944, "test loss": 5.345193540211767, "test accuracy": 81.89}, "epoch 9": {"mean loss": 0.4172754474580097, "test loss": 4.669605096802115, "test accuracy": 83.83}, "epoch 10": {"mean loss": 0.39618765153539004, "test loss": 4.69527697423473, "test accuracy": 83.98}, "epoch 11": {"mean loss": 0.376022163251807, "test loss": 4.407270210678689, "test accuracy": 84.8}, "epoch 12": {"mean loss": 0.3507488196047162, "test loss": 4.315721351886168, "test accuracy": 85.41}, "epoch 13": {"mean loss": 0.3392920102268667, "test loss": 4.389703959808685, "test accuracy": 84.94}, "epoch 14": {"mean loss": 0.3230789952785711, "test loss": 4.041833678260446, "test accuracy": 85.97}, "epoch 15": {"mean loss": 0.3067948225223038, "test loss": 4.110073124989867, "test accuracy": 85.88}, "epoch 16": {"mean loss": 0.3009270183177175, "test loss": 4.063999145408161, "test accuracy": 86.18}, "epoch 17": {"mean loss": 0.28482334059558845, "test loss": 4.479578817030415, "test accuracy": 84.92}, "epoch 18": {"mean loss": 0.2808063068020176, "test loss": 3.949669396155514, "test accuracy": 86.57000000000001}, "epoch 19": {"mean loss": 0.26972420466318964, "test loss": 4.194537544506602, "test accuracy": 86.45}, "epoch 20": {"mean loss": 0.26050016349890603, "test loss": 3.636836491874419, "test accuracy": 87.57000000000001}, "epoch 21": {"mean loss": 0.24402497489999214, "test loss": 3.6453064632369205, "test accuracy": 87.77000000000001}, "epoch 22": {"mean loss": 0.2422149034952286, "test loss": 3.837335768621415, "test accuracy": 87.11}, "epoch 23": {"mean loss": 0.23953832317827722, "test loss": 3.5393441352061927, "test accuracy": 88.2}, "epoch 24": {"mean loss": 0.22894918794075764, "test loss": 3.844972006743774, "test accuracy": 87.25}, "epoch 25": {"mean loss": 0.22648710469099778, "test loss": 3.8611495121149346, "test accuracy": 86.96000000000001}, "epoch 26": {"mean loss": 0.21779721904062188, "test loss": 3.6722056317375973, "test accuracy": 87.72999999999999}, "epoch 27": {"mean loss": 0.21763489616800025, "test loss": 3.5389629795681685, "test accuracy": 88.64999999999999}, "epoch 28": {"mean loss": 0.21644708064282867, "test loss": 3.515856078127399, "test accuracy": 88.17}, "epoch 29": {"mean loss": 0.2099055689178593, "test loss": 3.3873219960951246, "test accuracy": 89.05999999999999}, "epoch 30": {"mean loss": 0.20111756726637034, "test loss": 3.6855099454987794, "test accuracy": 87.91}, "epoch 31": {"mean loss": 0.2036438942073546, "test loss": 3.5973136676475406, "test accuracy": 87.97}, "epoch 32": {"mean loss": 0.19850300911990348, "test loss": 3.6091898343875073, "test accuracy": 88.24}, "epoch 33": {"mean loss": 0.19553325727274518, "test loss": 3.800473371404223, "test accuracy": 87.7}, "epoch 34": {"mean loss": 0.19703672402755845, "test loss": 3.684772642853204, "test accuracy": 88.01}, "epoch 35": {"mean loss": 0.1937721902510522, "test loss": 3.6258849973091856, "test accuracy": 88.03}, "epoch 36": {"mean loss": 0.18757638686187017, "test loss": 3.704239460057579, "test accuracy": 87.88}, "epoch 37": {"mean loss": 0.18250253279315057, "test loss": 3.7664458815124817, "test accuracy": 87.6}, "epoch 38": {"mean loss": 0.18561632318394788, "test loss": 3.8846073634922504, "test accuracy": 87.36}, "epoch 39": {"mean loss": 0.18016734294490847, "test loss": 3.620979721657932, "test accuracy": 88.55}, "epoch 40": {"mean loss": 0.18049157539743665, "test loss": 3.7830286090029404, "test accuracy": 88.06}, "epoch 41": {"mean loss": 0.1768035618767085, "test loss": 3.7921122387051582, "test accuracy": 88.25}, "epoch 42": {"mean loss": 0.18141507206935142, "test loss": 3.410272643319331, "test accuracy": 89.14}, "epoch 43": {"mean loss": 0.17311326497051477, "test loss": 3.7960845505585894, "test accuracy": 87.75}, "epoch 44": {"mean loss": 0.1758818155516866, "test loss": 3.6961040677851997, "test accuracy": 88.51}, "epoch 45": {"mean loss": 0.17979363630563305, "test loss": 3.807941169477999, "test accuracy": 88.08}, "epoch 46": {"mean loss": 0.16808559697792316, "test loss": 3.6485616227728315, "test accuracy": 88.77000000000001}, "epoch 47": {"mean loss": 0.16811495419813324, "test loss": 3.726537859183736, "test accuracy": 88.37}, "epoch 48": {"mean loss": 0.16563860961681165, "test loss": 3.693282713473309, "test accuracy": 88.05}, "epoch 49": {"mean loss": 0.16794060661337712, "test loss": 4.009007754677441, "test accuracy": 87.89}, "epoch 50": {"mean loss": 1.1459837058703257, "test loss": 4.382175938226283, "test accuracy": 89.97}, "epoch 51": {"mean loss": 1.0914674915721305, "test loss": 4.543810626491904, "test accuracy": 89.9}, "epoch 52": {"mean loss": 1.071169859788697, "test loss": 4.191933810710907, "test accuracy": 89.56}, "epoch 53": {"mean loss": 1.0518134838769777, "test loss": 4.0377371166832745, "test accuracy": 89.81}, "epoch 54": {"mean loss": 1.0690080124029195, "test loss": 3.800613638944924, "test accuracy": 90.53}, "epoch 55": {"mean loss": 1.0644008993377918, "test loss": 3.6196309693623334, "test accuracy": 90.2}, "epoch 56": {"mean loss": 1.0721396975653033, "test loss": 3.787784934975207, "test accuracy": 90.48}, "epoch 57": {"mean loss": 1.0529582392250356, "test loss": 3.680207830388099, "test accuracy": 90.11}, "epoch 58": {"mean loss": 1.0576759012212222, "test loss": 3.865781271131709, "test accuracy": 89.5}, "epoch 59": {"mean loss": 1.0492248535060913, "test loss": 3.7342586261220276, "test accuracy": 89.64999999999999}, "epoch 60": {"mean loss": 1.08610063091502, "test loss": 3.950126837240532, "test accuracy": 89.96}, "epoch 61": {"mean loss": 1.064269424419104, "test loss": 3.632986202603206, "test accuracy": 89.60000000000001}, "epoch 62": {"mean loss": 1.065642385835916, "test loss": 3.610514665953815, "test accuracy": 90.07}, "epoch 63": {"mean loss": 1.059106212469224, "test loss": 3.813748815562576, "test accuracy": 89.8}, "epoch 64": {"mean loss": 1.0611928523597394, "test loss": 3.728794064372778, "test accuracy": 89.72}, "epoch 65": {"mean loss": 1.06053018703418, "test loss": 3.9125664713792503, "test accuracy": 88.86}, "epoch 66": {"mean loss": 1.0490844431437518, "test loss": 3.77924643130973, "test accuracy": 89.36}, "epoch 67": {"mean loss": 1.0556280013562316, "test loss": 3.6684363493695855, "test accuracy": 89.95}, "epoch 68": {"mean loss": 1.0445100264248373, "test loss": 3.720167722320184, "test accuracy": 90.08}, "epoch 69": {"mean loss": 1.0445667079203569, "test loss": 3.660499381367117, "test accuracy": 89.99000000000001}, "epoch 70": {"mean loss": 1.06467671239521, "test loss": 3.6764218292664737, "test accuracy": 89.9}, "epoch 71": {"mean loss": 1.0577492893304645, "test loss": 3.7500223629176617, "test accuracy": 89.89}, "epoch 72": {"mean loss": 1.046981965969254, "test loss": 4.1539655714295805, "test accuracy": 89.29}, "epoch 73": {"mean loss": 1.071234069955288, "test loss": 3.6646710503846407, "test accuracy": 89.75}, "epoch 74": {"mean loss": 1.045030645087066, "test loss": 3.447145620826632, "test accuracy": 90.05}, "epoch 75": {"mean loss": 1.0458499282140878, "test loss": 3.540476483060047,