{"epoch 0": {"mean loss": 2.320772190837909, "test loss": 18.719196159392595, "test accuracy": 23.74, "lr": 0.1}, "epoch 1": {"mean loss": 1.7528560373484325, "test loss": 16.175606466829777, "test accuracy": 36.66, "lr": 0.1}, "epoch 2": {"mean loss": 1.4396455364916332, "test loss": 12.291635304689407, "test accuracy": 54.55, "lr": 0.1}, "epoch 3": {"mean loss": 1.1879706603791707, "test loss": 11.75465721078217, "test accuracy": 58.47, "lr": 0.1}, "epoch 4": {"mean loss": 1.0519554768986714, "test loss": 9.940429305657744, "test accuracy": 64.92, "lr": 0.1}, "epoch 5": {"mean loss": 0.9625408751580417, "test loss": 9.956166259944439, "test accuracy": 65.66, "lr": 0.1}, "epoch 6": {"mean loss": 0.9022831218626798, "test loss": 9.287141494452953, "test accuracy": 67.93, "lr": 0.1}, "epoch 7": {"mean loss": 0.8660542813637068, "test loss": 8.551556505262852, "test accuracy": 70.54, "lr": 0.1}, "epoch 8": {"mean loss": 0.8376397825110599, "test loss": 8.826921043917537, "test accuracy": 70.44, "lr": 0.1}, "epoch 9": {"mean loss": 0.8108598567412028, "test loss": 8.221937325783074, "test accuracy": 72.26, "lr": 0.1}, "epoch 10": {"mean loss": 0.7783397267694059, "test loss": 7.810616456903517, "test accuracy": 72.91, "lr": 0.1}, "epoch 11": {"mean loss": 0.7768952013434046, "test loss": 7.862352053634822, "test accuracy": 73.22999999999999, "lr": 0.1}, "epoch 12": {"mean loss": 0.7637062148593575, "test loss": 7.449211633764207, "test accuracy": 74.22, "lr": 0.1}, "epoch 13": {"mean loss": 0.755599375233016, "test loss": 8.312807022593915, "test accuracy": 71.75, "lr": 0.1}, "epoch 14": {"mean loss": 0.7421393943259783, "test loss": 7.515007375739515, "test accuracy": 74.66000000000001, "lr": 0.1}, "epoch 15": {"mean loss": 0.7358156056965098, "test loss": 7.231237144675106, "test accuracy": 75.03, "lr": 0.1}, "epoch 16": {"mean loss": 0.7350763418637883, "test loss": 7.299791158176959, "test accuracy": 74.83, "lr": 0.1}, "epoch 17": {"mean loss": 0.7222710088695712, "test loss": 7.638651700690389, "test accuracy": 74.19, "lr": 0.1}, "epoch 18": {"mean loss": 0.7250145033116231, "test loss": 7.866875622421503, "test accuracy": 73.88, "lr": 0.1}, "epoch 19": {"mean loss": 0.7158817013968592, "test loss": 7.2152949925512075, "test accuracy": 75.6, "lr": 0.1}, "epoch 20": {"mean loss": 0.7075035918094313, "test loss": 7.745583854615688, "test accuracy": 73.86, "lr": 0.1}, "epoch 21": {"mean loss": 0.714594613446299, "test loss": 7.162012194283307, "test accuracy": 75.57000000000001, "lr": 0.1}, "epoch 22": {"mean loss": 0.7085074118869689, "test loss": 7.289701966568828, "test accuracy": 74.57000000000001, "lr": 0.1}, "epoch 23": {"mean loss": 0.7052038212871308, "test loss": 7.49068016000092, "test accuracy": 74.41, "lr": 0.1}, "epoch 24": {"mean loss": 0.6936933472562019, "test loss": 7.795941253192723, "test accuracy": 73.48, "lr": 0.1}, "epoch 25": {"mean loss": 0.6933287554384803, "test loss": 7.185236637480557, "test accuracy": 75.63, "lr": 0.1}, "epoch 26": {"mean loss": 0.6931166418678011, "test loss": 6.68641062034294, "test accuracy": 77.14999999999999, "lr": 0.1}, "epoch 27": {"mean loss": 0.6891416211795929, "test loss": 6.847974868491292, "test accuracy": 76.03999999999999, "lr": 0.1}, "epoch 28": {"mean loss": 0.6874902784214605, "test loss": 6.716341064311564, "test accuracy": 76.88000000000001, "lr": 0.1}, "epoch 29": {"mean loss": 0.678205378677534, "test loss": 7.495011559687555, "test accuracy": 73.81, "lr": 0.1}, "epoch 30": {"mean loss": 0.6927244026795067, "test loss": 7.685872368514538, "test accuracy": 73.39, "lr": 0.1}, "epoch 31": {"mean loss": 0.6856766828261983, "test loss": 7.183119609951973, "test accuracy": 75.28, "lr": 0.1}, "epoch 32": {"mean loss": 0.6870304168490193, "test loss": 6.907872656360269, "test accuracy": 76.16000000000001, "lr": 0.010000000000000002}, "epoch 33": {"mean loss": 0.4339029054393244, "test loss": 4.718824100214988, "test accuracy": 83.77, "lr": 0.010000000000000002}, "epoch 34": {"mean loss": 0.3651228006405141, "test loss": 4.418809461174533, "test accuracy": 84.88, "lr": 0.010000000000000002}, "epoch 35": {"mean loss": 0.3364315290966302, "test loss": 4.466745612211525, "test accuracy": 84.74000000000001, "lr": 0.010000000000000002}, "epoch 36": {"mean loss": 0.3133033978588441, "test loss": 4.436066848458722, "test accuracy": 84.88, "lr": 0.010000000000000002}, "epoch 37": {"mean loss": 0.296397384456204, "test loss": 4.399300607619807, "test accuracy": 85.06, "lr": 0.010000000000000002}, "epoch 38": {"mean loss": 0.28484254950643195, "test loss": 4.324987538391724, "test accuracy": 85.47, "lr": 0.010000000000000002}, "epoch 39": {"mean loss": 0.27411283020053984, "test loss": 4.470557565800846, "test accuracy": 85.02, "lr": 0.010000000000000002}, "epoch 40": {"mean loss": 0.26872826456223303, "test loss": 4.170378659968264, "test accuracy": 85.89, "lr": 0.010000000000000002}, "epoch 41": {"mean loss": 0.2620970275148254, "test loss": 4.089952717302367, "test accuracy": 86.05000000000001, "lr": 0.010000000000000002}, "epoch 42": {"mean loss": 0.2600547646355751, "test loss": 4.160578646231443, "test accuracy": 85.78, "lr": 0.010000000000000002}, "epoch 43": {"mean loss": 0.25435863138483766, "test loss": 4.183317887131125, "test accuracy": 85.83, "lr": 0.010000000000000002}, "epoch 44": {"mean loss": 0.25068952334696987, "test loss": 4.123344156425446, "test accuracy": 86.65, "lr": 0.010000000000000002}, "epoch 45": {"mean loss": 0.24605162194965746, "test loss": 4.385787368286401, "test accuracy": 85.34, "lr": 0.010000000000000002}, "epoch 46": {"mean loss": 0.2495680406946889, "test loss": 4.088597710244358, "test accuracy": 86.45, "lr": 0.010000000000000002}, "epoch 47": {"mean loss": 0.24414129007388563, "test loss": 4.417917426908389, "test accuracy": 85.74000000000001, "lr": 0.010000000000000002}, "epoch 48": {"mean loss": 0.23994254581916058, "test loss": 4.181883167475462, "test accuracy": 86.36, "lr": 0.010000000000000002}, "epoch 49": {"mean loss": 0.23653640876740903, "test loss": 4.235504589509219, "test accuracy": 85.96000000000001, "lr": 0.010000000000000002}, "epoch 50": {"mean loss": 0.23698645289463308, "test loss": 4.244673783075996, "test accuracy": 86.15, "lr": 0.010000000000000002}, "epoch 51": {"mean loss": 0.23827992130042341, "test loss": 4.2587280090665445, "test accuracy": 85.8, "lr": 0.010000000000000002}, "epoch 52": {"mean loss": 0.236167552073479, "test loss": 4.257811124494765, "test accuracy": 85.92, "lr": 0.010000000000000002}, "epoch 53": {"mean loss": 0.2337818418479408, "test loss": 4.245915431994945, "test accuracy": 85.98, "lr": 0.010000000000000002}, "epoch 54": {"mean loss": 0.23324748928494313, "test loss": 4.378041660267627, "test accuracy": 85.61, "lr": 0.010000000000000002}, "epoch 55": {"mean loss": 0.22725919890396126, "test loss": 4.488372957799584, "test accuracy": 85.35000000000001, "lr": 0.010000000000000002}, "epoch 56": {"mean loss": 0.22835481956677364, "test loss": 4.412323290831409, "test accuracy": 85.56, "lr": 0.010000000000000002}, "epoch 57": {"mean loss": 0.22916778954474823, "test loss": 4.669272143626586, "test accuracy": 84.71, "lr": 0.010000000000000002}, "epoch 58": {"mean loss": 0.22572367313458486, "test loss": 4.624027064652182, "test accuracy": 85.0, "lr": 0.010000000000000002}, "epoch 59": {"mean loss": 0.22692783158320143, "test loss": 4.625572932767682, "test accuracy": 84.78999999999999, "lr": 0.010000000000000002}, "epoch 60": {"mean loss": 0.22001419669431646, "test loss": 4.629791590967216, "test accuracy": 84.95, "lr": 0.010000000000000002}, "epoch 61": {"mean loss": 0.21869015259682523, "test loss": 4.426060696772765, "test accuracy": 85.28, "lr": 0.010000000000000002}, "epoch 62": {"mean loss": 0.214521669361102, "test loss": 4.501818246557377, "test accuracy": 85.36, "lr": 0.010000000000000002}, "epoch 63": {"mean loss": 0.2138833066596247, "test loss": 4.468181933276355, "test accuracy": 85.56,