{"epoch 0": {"mean loss": 2.3976091228840217, "test loss": 21.016604229807854, "test accuracy": 17.11}, "epoch 1": {"mean loss": 1.9814957197247907, "test loss": 18.94078778848052, "test accuracy": 21.58}, "epoch 2": {"mean loss": 1.8736436228224351, "test loss": 17.89186094328761, "test accuracy": 27.529999999999998}, "epoch 3": {"mean loss": 1.7044115360928742, "test loss": 15.915583532303572, "test accuracy": 37.49}, "epoch 4": {"mean loss": 1.4904352470383915, "test loss": 14.817153565585613, "test accuracy": 46.37}, "epoch 5": {"mean loss": 1.2635314095424524, "test loss": 12.007196933031082, "test accuracy": 55.93}, "epoch 6": {"mean loss": 1.0496358147662035, "test loss": 10.652065521106124, "test accuracy": 62.23}, "epoch 7": {"mean loss": 0.9073273987626694, "test loss": 8.872317485511303, "test accuracy": 68.37}, "epoch 8": {"mean loss": 0.8006479611056627, "test loss": 9.054765866138041, "test accuracy": 69.56}, "epoch 9": {"mean loss": 0.72423674753478, "test loss": 8.385691232979298, "test accuracy": 71.16}, "epoch 10": {"mean loss": 0.6562617080416042, "test loss": 7.185935767367482, "test accuracy": 75.4}, "epoch 11": {"mean loss": 0.599390515448646, "test loss": 7.448377135209739, "test accuracy": 75.02}, "epoch 12": {"mean loss": 0.5587070063614571, "test loss": 6.4106449980754405, "test accuracy": 78.38000000000001}, "epoch 13": {"mean loss": 0.5232817443684744, "test loss": 6.192149388138205, "test accuracy": 79.24}, "epoch 14": {"mean loss": 0.4741994479596043, "test loss": 5.874773391522467, "test accuracy": 80.69}, "epoch 15": {"mean loss": 0.454027296223285, "test loss": 5.474205116741359, "test accuracy": 81.94}, "epoch 16": {"mean loss": 0.42169587957176424, "test loss": 5.659257931634784, "test accuracy": 81.31}, "epoch 17": {"mean loss": 0.4009226013215703, "test loss": 5.381204918492585, "test accuracy": 82.15}, "epoch 18": {"mean loss": 0.3802958548745892, "test loss": 4.94363931985572, "test accuracy": 83.67999999999999}, "epoch 19": {"mean loss": 0.3559068075797723, "test loss": 4.994004607084207, "test accuracy": 83.43}, "epoch 20": {"mean loss": 0.3395560307121971, "test loss": 5.188535798806697, "test accuracy": 82.62}, "epoch 21": {"mean loss": 0.3221664970415339, "test loss": 4.809796668123454, "test accuracy": 84.5}, "epoch 22": {"mean loss": 0.3064270213041371, "test loss": 4.88696390716359, "test accuracy": 83.69}, "epoch 23": {"mean loss": 0.2931009730489797, "test loss": 4.694296364672482, "test accuracy": 84.58}, "epoch 24": {"mean loss": 0.2734287262763721, "test loss": 4.84457986347843, "test accuracy": 84.73}, "epoch 25": {"mean loss": 0.2615043569084493, "test loss": 4.866240120609291, "test accuracy": 84.53}, "epoch 26": {"mean loss": 0.25099936643018317, "test loss": 4.591167254024185, "test accuracy": 85.22999999999999}, "epoch 27": {"mean loss": 0.23954471080818393, "test loss": 4.629401947837323, "test accuracy": 85.5}, "epoch 28": {"mean loss": 0.22406551553745607, "test loss": 4.553791263198946, "test accuracy": 85.5}, "epoch 29": {"mean loss": 0.21528471563183013, "test loss": 4.737221609218977, "test accuracy": 85.47}, "epoch 30": {"mean loss": 0.20744415197190152, "test loss": 4.401150612626225, "test accuracy": 86.4}, "epoch 31": {"mean loss": 0.20025402113827456, "test loss": 4.817417376325466, "test accuracy": 85.74000000000001}, "epoch 32": {"mean loss": 0.18538610399858604, "test loss": 4.37304631085135, "test accuracy": 86.1}, "epoch 33": {"mean loss": 0.18391438514251626, "test loss": 4.689132304454688, "test accuracy": 86.22}, "epoch 34": {"mean loss": 0.172493383244886, "test loss": 4.33762385378941, "test accuracy": 87.32}, "epoch 35": {"mean loss": 0.16392551078946732, "test loss": 4.507895831135102, "test accuracy": 86.42999999999999}, "epoch 36": {"mean loss": 0.15784058956398378, "test loss": 4.8209053531172685, "test accuracy": 85.91}, "epoch 37": {"mean loss": 0.15227381588673064, "test loss": 4.548588368110359, "test accuracy": 86.69}, "epoch 38": {"mean loss": 0.14463788787542378, "test loss": 5.298615055595292, "test accuracy": 85.61}, "epoch 39": {"mean loss": 0.14117273325142252, "test loss": 4.437609733635327, "test accuracy": 87.07000000000001}, "epoch 40": {"mean loss": 0.1370129552009913, "test loss": 4.776157269618125, "test accuracy": 86.8}, "epoch 41": {"mean loss": 0.12806946300184657, "test loss": 4.713871216983534, "test accuracy": 86.71}, "epoch 42": {"mean loss": 0.1242471858868, "test loss": 4.873063487553736, "test accuracy": 86.77}, "epoch 43": {"mean loss": 0.11932518491701724, "test loss": 4.7036353418952785, "test accuracy": 86.81}, "epoch 44": {"mean loss": 0.11596647063949486, "test loss": 4.711001846648287, "test accuracy": 87.28}, "epoch 45": {"mean loss": 0.10962060419410605, "test loss": 4.589730320483795, "test accuracy": 87.46000000000001}, "epoch 46": {"mean loss": 0.10447499507865961, "test loss": 4.699566429713741, "test accuracy": 87.13}, "epoch 47": {"mean loss": 0.10145983112316342, "test loss": 5.001270831795409, "test accuracy": 87.06}, "epoch 48": {"mean loss": 0.09633809931923189, "test loss": 4.819710845375084, "test accuracy": 87.22999999999999}, "epoch 49": {"mean loss": 0.09584449956877907, "test loss": 4.612399475648999, "test accuracy": 87.03999999999999}}