{"epoch 0": {"mean loss": 1.3832626687130407, "test loss": 10.069538090378046, "test accuracy": 63.129999999999995}, "epoch 1": {"mean loss": 0.9062000469984492, "test loss": 8.328049457632005, "test accuracy": 70.33}, "epoch 2": {"mean loss": 0.7279442401456284, "test loss": 6.8439029189758, "test accuracy": 75.64999999999999}, "epoch 3": {"mean loss": 0.6258795396570814, "test loss": 5.957676271442324, "test accuracy": 79.13}, "epoch 4": {"mean loss": 0.5560878775799343, "test loss": 5.66078745899722, "test accuracy": 80.38}, "epoch 5": {"mean loss": 0.499224085854134, "test loss": 5.812556780176237, "test accuracy": 79.75999999999999}, "epoch 6": {"mean loss": 0.4515081893650294, "test loss": 5.244493914535269, "test accuracy": 81.67}, "epoch 7": {"mean loss": 0.417186464651971, "test loss": 4.76865126658231, "test accuracy": 83.39}, "epoch 8": {"mean loss": 0.38494570251084714, "test loss": 4.666886823717505, "test accuracy": 83.84}, "epoch 9": {"mean loss": 0.35963789385553363, "test loss": 4.4503221260383725, "test accuracy": 84.76}, "epoch 10": {"mean loss": 0.3343502645829474, "test loss": 4.661688158521429, "test accuracy": 83.54}, "epoch 11": {"mean loss": 0.3143825906824013, "test loss": 4.359724691603333, "test accuracy": 85.02}, "epoch 12": {"mean loss": 0.2951967492532783, "test loss": 4.415748777682893, "test accuracy": 85.2}, "epoch 13": {"mean loss": 0.2752394010566094, "test loss": 4.337935427669436, "test accuracy": 85.25}, "epoch 14": {"mean loss": 0.26080436588063005, "test loss": 4.330806577578187, "test accuracy": 85.67}, "epoch 15": {"mean loss": 0.24352341986744547, "test loss": 4.19668451580219, "test accuracy": 85.66}, "epoch 16": {"mean loss": 0.2286759202981693, "test loss": 4.218228019657545, "test accuracy": 86.11}, "epoch 17": {"mean loss": 0.22119945578839598, "test loss": 4.0897763190441765, "test accuracy": 86.5}, "epoch 18": {"mean loss": 0.20471116296544203, "test loss": 4.049311621463858, "test accuracy": 86.65}, "epoch 19": {"mean loss": 0.19480387013887013, "test loss": 3.9065790792228654, "test accuracy": 87.33999999999999}, "epoch 20": {"mean loss": 0.184771933497519, "test loss": 4.010225895326585, "test accuracy": 87.12}, "epoch 21": {"mean loss": 0.17195099118682278, "test loss": 4.004189045750536, "test accuracy": 87.09}, "epoch 22": {"mean loss": 0.1654232586725059, "test loss": 3.9065574884880334, "test accuracy": 87.75}, "epoch 23": {"mean loss": 0.15808935282109585, "test loss": 3.973414006875828, "test accuracy": 87.42999999999999}, "epoch 24": {"mean loss": 0.15259326024857478, "test loss": 3.9391141746309586, "test accuracy": 87.77000000000001}, "epoch 25": {"mean loss": 0.14638940904912748, "test loss": 4.031983127002604, "test accuracy": 87.46000000000001}, "epoch 26": {"mean loss": 0.1316902547856043, "test loss": 4.25851586056524, "test accuracy": 87.1}, "epoch 27": {"mean loss": 0.12983552665674317, "test loss": 4.009320858691353, "test accuracy": 87.62}, "epoch 28": {"mean loss": 0.12387235487572329, "test loss": 4.507805440487573, "test accuracy": 87.17}, "epoch 29": {"mean loss": 0.11965278435768995, "test loss": 3.886256232508458, "test accuracy": 88.37}, "epoch 30": {"mean loss": 0.11025133377381423, "test loss": 4.180388278327882, "test accuracy": 87.92}, "epoch 31": {"mean loss": 0.10656243362356757, "test loss": 4.0935155368060805, "test accuracy": 88.14}, "epoch 32": {"mean loss": 0.10120820332327035, "test loss": 4.113058124872623, "test accuracy": 88.44999999999999}, "epoch 33": {"mean loss": 0.0971991604313812, "test loss": 3.936135763360653, "test accuracy": 88.52}, "epoch 34": {"mean loss": 0.09374975091262326, "test loss": 4.364008179923985, "test accuracy": 87.8}, "epoch 35": {"mean loss": 0.0896482098222277, "test loss": 4.145639393827878, "test accuracy": 88.5}, "epoch 36": {"mean loss": 0.08649123540375755, "test loss": 4.282699679839425, "test accuracy": 88.11}, "epoch 37": {"mean loss": 0.08266097848242243, "test loss": 4.297724502699566, "test accuracy": 88.66000000000001}, "epoch 38": {"mean loss": 0.08123989264443231, "test loss": 4.3830441811005585, "test accuracy": 88.08}, "epoch 39": {"mean loss": 0.07837964594460993, "test loss": 4.199917870952049, "test accuracy": 88.73}, "epoch 40": {"mean loss": 0.07160641303072492, "test loss": 4.275550795020536, "test accuracy": 88.88000000000001}, "epoch 41": {"mean loss": 0.07109935345486884, "test loss": 4.331243060121778, "test accuracy": 88.53}, "epoch 42": {"mean loss": 0.0670573954134244, "test loss": 4.335710858140374, "test accuracy": 88.55}, "epoch 43": {"mean loss": 0.06592667465749473, "test loss": 4.033278347051237, "test accuracy": 89.41}, "epoch 44": {"mean loss": 0.06324247437271112, "test loss": 4.08363792009186, "test accuracy": 89.48}, "epoch 45": {"mean loss": 0.05969845068755933, "test loss": 4.256643015716691, "test accuracy": 89.17}, "epoch 46": {"mean loss": 0.05970350993488902, "test loss": 4.641440421430161, "test accuracy": 88.25}, "epoch 47": {"mean loss": 0.0587177790456865, "test loss": 4.473723391536623, "test accuracy": 88.42999999999999}, "epoch 48": {"mean loss": 0.05502018042889892, "test loss": 4.477964005245667, "test accuracy": 88.72}, "epoch 49": {"mean loss": 0.052968248202632615, "test loss": 4.410478721430991, "test accuracy": 89.29}}