{"epoch 0": {"mean loss": 1.6956585767325574, "test loss": 12.984029781073332, "test accuracy": 53.12}, "epoch 1": {"mean loss": 1.097145857047516, "test loss": 9.118916047737002, "test accuracy": 68.30000000000001}, "epoch 2": {"mean loss": 0.8514962271094246, "test loss": 7.668529881164432, "test accuracy": 73.38}, "epoch 3": {"mean loss": 0.7241864258367438, "test loss": 7.005136110819876, "test accuracy": 75.71}, "epoch 4": {"mean loss": 0.6292195421567881, "test loss": 6.167743635829538, "test accuracy": 79.02}, "epoch 5": {"mean loss": 0.5738147547610357, "test loss": 5.73808317957446, "test accuracy": 80.69}, "epoch 6": {"mean loss": 0.5269132492085412, "test loss": 5.131970241200179, "test accuracy": 82.44}, "epoch 7": {"mean loss": 0.4847861294010779, "test loss": 5.2822707667946815, "test accuracy": 82.13000000000001}, "epoch 8": {"mean loss": 0.4520800322275168, "test loss": 4.861169765004888, "test accuracy": 83.23}, "epoch 9": {"mean loss": 0.4287051654594187, "test loss": 4.693794033955783, "test accuracy": 83.74000000000001}, "epoch 10": {"mean loss": 0.4040155236323865, "test loss": 4.462025566259399, "test accuracy": 84.73}, "epoch 11": {"mean loss": 0.3744150554464554, "test loss": 4.3279478759504855, "test accuracy": 85.6}, "epoch 12": {"mean loss": 0.35496683835611464, "test loss": 4.387921393383294, "test accuracy": 84.74000000000001}, "epoch 13": {"mean loss": 0.34460854356106246, "test loss": 4.260965837165713, "test accuracy": 85.61999999999999}, "epoch 14": {"mean loss": 0.3292070207372546, "test loss": 4.0981290941126645, "test accuracy": 86.33}, "epoch 15": {"mean loss": 0.3119257060478436, "test loss": 4.229210457066074, "test accuracy": 86.04}, "epoch 16": {"mean loss": 0.2998678106588198, "test loss": 4.117694239714183, "test accuracy": 86.09}, "epoch 17": {"mean loss": 0.29154168179238443, "test loss": 3.759192983736284, "test accuracy": 86.99}, "epoch 18": {"mean loss": 0.2798096858303439, "test loss": 4.375639453763142, "test accuracy": 85.54}, "epoch 19": {"mean loss": 0.2662986038921262, "test loss": 3.674541291547939, "test accuracy": 87.6}, "epoch 20": {"mean loss": 0.26042635614315784, "test loss": 3.9892818628577515, "test accuracy": 86.92}, "epoch 21": {"mean loss": 0.2510524341432582, "test loss": 3.6866465490311384, "test accuracy": 87.72}, "epoch 22": {"mean loss": 0.24724714320226884, "test loss": 3.5699124336242676, "test accuracy": 88.19}, "epoch 23": {"mean loss": 0.2324291592534162, "test loss": 3.9254975960357115, "test accuracy": 86.88}, "epoch 24": {"mean loss": 0.231821844118313, "test loss": 4.21536736516282, "test accuracy": 85.95}, "epoch 25": {"mean loss": 0.22203367092406529, "test loss": 3.819991957047023, "test accuracy": 87.37}, "epoch 26": {"mean loss": 0.2217106467997149, "test loss": 3.7984994050930254, "test accuracy": 87.53999999999999}, "epoch 27": {"mean loss": 0.21630290912146075, "test loss": 4.197951076319441, "test accuracy": 86.63}, "epoch 28": {"mean loss": 0.21536486072111838, "test loss": 3.553369822446257, "test accuracy": 88.03}, "epoch 29": {"mean loss": 0.20858389600129443, "test loss": 3.701820284448331, "test accuracy": 88.27000000000001}, "epoch 30": {"mean loss": 0.20633918201635454, "test loss": 3.890207451360766, "test accuracy": 87.2}, "epoch 31": {"mean loss": 0.19923279383616022, "test loss": 3.9690402818960138, "test accuracy": 87.58}, "epoch 32": {"mean loss": 0.1985563391036642, "test loss": 3.650788424361963, "test accuracy": 87.98}, "epoch 33": {"mean loss": 0.19935504558495581, "test loss": 3.8118376371567138, "test accuracy": 87.41}, "epoch 34": {"mean loss": 0.19601614059795763, "test loss": 3.775918959407136, "test accuracy": 87.58}, "epoch 35": {"mean loss": 0.19156084693932546, "test loss": 3.9477016454329714, "test accuracy": 86.92999999999999}, "epoch 36": {"mean loss": 0.19271850884699585, "test loss": 3.720271451631561, "test accuracy": 87.81}, "epoch 37": {"mean loss": 0.18719727402494568, "test loss": 3.7027581174625084, "test accuracy": 88.17}, "epoch 38": {"mean loss": 0.18198067528420317, "test loss": 3.540180411975598, "test accuracy": 88.6}, "epoch 39": {"mean loss": 0.18041033520865576, "test loss": 3.610072781739291, "test accuracy": 88.29}, "epoch 40": {"mean loss": 0.1760996811137185, "test loss": 3.7892724320990965, "test accuracy": 88.35}, "epoch 41": {"mean loss": 0.1808709575224403, "test loss": 3.9005530272843316, "test accuracy": 87.56}, "epoch 42": {"mean loss": 0.18060220837276084, "test loss": 3.6944544155267067, "test accuracy": 88.41}, "epoch 43": {"mean loss": 0.17504168233118583, "test loss": 3.8193260868429206, "test accuracy": 87.64999999999999}, "epoch 44": {"mean loss": 0.17656034786702252, "test loss": 3.561912129749544, "test accuracy": 88.53}, "epoch 45": {"mean loss": 0.17012035237328504, "test loss": 3.800734903314151, "test accuracy": 88.14}, "epoch 46": {"mean loss": 0.17347052098822113, "test loss": 3.577232427895069, "test accuracy": 88.62}, "epoch 47": {"mean loss": 0.17133703080952759, "test loss": 3.7322903224558104, "test accuracy": 88.16000000000001}, "epoch 48": {"mean loss": 0.17237113491213157, "test loss": 3.5927641961025074, "test accuracy": 88.56}, "epoch 49": {"mean loss": 0.1653938838191359, "test loss": 3.881570237572305, "test accuracy": 87.89}, "epoch 50": {"mean loss": 0.16487402170396012, "test loss": 3.6415280144719873, "test accuracy": 88.49000000000001}, "epoch 51": {"mean loss": 0.16769116369605788, "test loss": 3.549630036810413, "test accuracy": 88.94}, "epoch 52": {"mean loss": 0.16432678523894712, "test loss": 3.945649497152772, "test accuracy": 87.47}, "epoch 53": {"mean loss": 0.16190292369794776, "test loss": 3.5668694845517166, "test accuracy": 88.92}, "epoch 54": {"mean loss": 0.16092734668053502, "test loss": 3.6524940959352534, "test accuracy": 88.9}, "epoch 55": {"mean loss": 0.16072390046714308, "test loss": 3.7504377755103633, "test accuracy": 88.78}, "epoch 56": {"mean loss": 0.15841568629564245, "test loss": 3.709096220554784, "test accuracy": 88.58}, "epoch 57": {"mean loss": 0.1619142373876023, "test loss": 3.468852900856291, "test accuracy": 88.87}, "epoch 58": {"mean loss": 0.16172017406800945, "test loss": 3.773785026045516, "test accuracy": 88.3}, "epoch 59": {"mean loss": 0.15841802931435392, "test loss": 3.8747716292273253, "test accuracy": 88.41}, "epoch 60": {"mean loss": 0.1560443904660809, "test loss": 3.4687183056375943, "test accuracy": 89.39}, "epoch 61": {"mean loss": 0.15589870810860282, "test loss": 3.596129792567808, "test accuracy": 88.63}, "epoch 62": {"mean loss": 0.15397929427019122, "test loss": 3.9400473688729107, "test accuracy": 87.83999999999999}, "epoch 63": {"mean loss": 0.1533972209906986, "test loss": 3.8113587953848764, "test accuracy": 88.21}, "epoch 64": {"mean loss": 0.1547803374594858, "test loss": 3.7749647754826583, "test accuracy": 88.37}, "epoch 65": {"mean loss": 0.15186744047417017, "test loss": 3.325213714677375, "test accuracy": 89.27000000000001}, "epoch 66": {"mean loss": 0.15275117103070002, "test loss": 3.6349541208473966, "test accuracy": 88.52}, "epoch 67": {"mean loss": 0.1465738848881392, "test loss": 3.7774687152705155, "test accuracy": 88.41}, "epoch 68": {"mean loss": 0.14924491086697073, "test loss": 3.339238294691313, "test accuracy": 89.74}, "epoch 69": {"mean loss": 0.14805271673795034, "test loss": 3.907367999549024, "test accuracy": 88.12}, "epoch 70": {"mean loss": 0.14634361386898564, "test loss": 3.8769613206677604, "test accuracy": 88.2}, "epoch 71": {"mean loss": 0.14919984633739386, "test loss": 3.587081712379586, "test accuracy": 88.94}, "epoch 72": {"mean loss": 0.14783529495619005, "test loss": 3.72578206442995, "test accuracy": 88.83}, "epoch 73": {"mean loss": 0.1518030005268233, "test loss": 3.503923792333808, "test accuracy": 89.01}, "epoch 74": {"mean loss": 0.1494989303439398, "test loss": 3.881550566642545, "test accuracy": 88.51}}