{"epoch 0": {"mean loss": 1.5747182324995845, "test loss": 11.991825364530087, "test accuracy": 55.75}, "epoch 1": {"mean loss": 1.0141679783776565, "test loss": 8.305020472966135, "test accuracy": 71.05}, "epoch 2": {"mean loss": 0.7929130623490095, "test loss": 7.314623015001416, "test accuracy": 74.83999999999999}, "epoch 3": {"mean loss": 0.6765004981425963, "test loss": 6.432450940832496, "test accuracy": 77.88000000000001}, "epoch 4": {"mean loss": 0.597792569674213, "test loss": 5.991283870767802, "test accuracy": 79.46}, "epoch 5": {"mean loss": 0.5344458520317108, "test loss": 5.581922380719334, "test accuracy": 80.83}, "epoch 6": {"mean loss": 0.4919796073219369, "test loss": 4.99847585009411, "test accuracy": 82.63000000000001}, "epoch 7": {"mean loss": 0.4549450402363172, "test loss": 4.93896692362614, "test accuracy": 83.28999999999999}, "epoch 8": {"mean loss": 0.4183161797970819, "test loss": 4.878715608501807, "test accuracy": 82.94}, "epoch 9": {"mean loss": 0.39526980389350513, "test loss": 4.606172600761056, "test accuracy": 84.22}, "epoch 10": {"mean loss": 0.3736787904399523, "test loss": 4.587853096425533, "test accuracy": 84.50999999999999}, "epoch 11": {"mean loss": 0.35126690266228455, "test loss": 4.343340471154079, "test accuracy": 85.11}, "epoch 12": {"mean loss": 0.33248395729340463, "test loss": 4.2993756122887135, "test accuracy": 85.34}, "epoch 13": {"mean loss": 0.3196551623615369, "test loss": 4.191158633911982, "test accuracy": 85.39999999999999}, "epoch 14": {"mean loss": 0.29826048149304824, "test loss": 3.924584669061005, "test accuracy": 86.44}, "epoch 15": {"mean loss": 0.29019271717505124, "test loss": 4.116379234939814, "test accuracy": 86.05000000000001}, "epoch 16": {"mean loss": 0.27796580993063313, "test loss": 3.680889849551022, "test accuracy": 87.62}, "epoch 17": {"mean loss": 0.26667374701156343, "test loss": 4.039600381627679, "test accuracy": 86.68}, "epoch 18": {"mean loss": 0.2523692785592431, "test loss": 4.090042133815587, "test accuracy": 85.99}, "epoch 19": {"mean loss": 0.24715201234682127, "test loss": 4.237334855366498, "test accuracy": 85.92999999999999}, "epoch 20": {"mean loss": 0.2409417422182062, "test loss": 3.9987515441607684, "test accuracy": 87.02}, "epoch 21": {"mean loss": 0.23140168959133076, "test loss": 4.027119213133119, "test accuracy": 87.13}, "epoch 22": {"mean loss": 0.22543317922560815, "test loss": 3.8343473455752246, "test accuracy": 87.53}, "epoch 23": {"mean loss": 0.22112371725812602, "test loss": 3.561214621644467, "test accuracy": 87.87}, "epoch 24": {"mean loss": 0.21315196515087775, "test loss": 3.8465838694246486, "test accuracy": 87.12}, "epoch 25": {"mean loss": 0.2072846000991471, "test loss": 3.6523569740820676, "test accuracy": 87.83999999999999}, "epoch 26": {"mean loss": 0.20029286864217816, "test loss": 3.8164358405629173, "test accuracy": 87.44}, "epoch 27": {"mean loss": 0.194689570532865, "test loss": 3.8558544090483338, "test accuracy": 87.33999999999999}, "epoch 28": {"mean loss": 0.19718563171569556, "test loss": 3.785527246654965, "test accuracy": 87.68}, "epoch 29": {"mean loss": 0.19042290382263605, "test loss": 3.8257882948964834, "test accuracy": 87.45}, "epoch 30": {"mean loss": 0.18709132211820312, "test loss": 3.6978884532582015, "test accuracy": 87.37}, "epoch 31": {"mean loss": 0.18287082129025203, "test loss": 3.9201730076456442, "test accuracy": 87.5}, "epoch 32": {"mean loss": 0.18407756703299777, "test loss": 3.7077369504841045, "test accuracy": 87.83}, "epoch 33": {"mean loss": 0.18016859945160071, "test loss": 3.632675008964725, "test accuracy": 88.3}, "epoch 34": {"mean loss": 0.17267554776262795, "test loss": 4.065657764265779, "test accuracy": 87.15}, "epoch 35": {"mean loss": 0.17299102689124649, "test loss": 4.133210624451749, "test accuracy": 87.15}, "epoch 36": {"mean loss": 0.17386207136165252, "test loss": 3.98572724458063, "test accuracy": 87.61}, "epoch 37": {"mean loss": 0.16776540560793235, "test loss": 3.782911076559685, "test accuracy": 87.94999999999999}, "epoch 38": {"mean loss": 0.17001143069157254, "test loss": 3.6792247544508427, "test accuracy": 88.35}, "epoch 39": {"mean loss": 0.16306240103247452, "test loss": 3.7594088681798894, "test accuracy": 88.29}, "epoch 40": {"mean loss": 0.16625805935147323, "test loss": 3.675820816482883, "test accuracy": 88.05}, "epoch 41": {"mean loss": 0.15962061397099697, "test loss": 3.7548375193728134, "test accuracy": 88.16000000000001}, "epoch 42": {"mean loss": 0.15675591549794984, "test loss": 3.9699732566950843, "test accuracy": 87.45}, "epoch 43": {"mean loss": 0.1606667707692081, "test loss": 4.0891788160661235, "test accuracy": 87.25}, "epoch 44": {"mean loss": 0.1533220210279471, "test loss": 3.626106903946493, "test accuracy": 88.53}, "epoch 45": {"mean loss": 0.15757996448859696, "test loss": 3.8492789956508204, "test accuracy": 87.91}, "epoch 46": {"mean loss": 0.15412389892388806, "test loss": 3.6364747795450967, "test accuracy": 88.52}, "epoch 47": {"mean loss": 0.15456926055498044, "test loss": 3.7978308961028233, "test accuracy": 87.91}, "epoch 48": {"mean loss": 0.15272892646608316, "test loss": 3.6754856951301917, "test accuracy": 88.55}, "epoch 49": {"mean loss": 0.15343422388600725, "test loss": 3.909127154503949, "test accuracy": 87.83999999999999}}