{"epoch 0": {"mean loss": 1.3714683685101383, "test loss": 9.766382733359933, "test accuracy": 65.44}, "epoch 1": {"mean loss": 0.8691009165038684, "test loss": 7.596859280951321, "test accuracy": 73.27}, "epoch 2": {"mean loss": 0.6993756873517637, "test loss": 6.456520256586373, "test accuracy": 77.69}, "epoch 3": {"mean loss": 0.60507650290135, "test loss": 6.068428689613938, "test accuracy": 78.89}, "epoch 4": {"mean loss": 0.5341757169459314, "test loss": 5.368642983958125, "test accuracy": 81.36}, "epoch 5": {"mean loss": 0.4854542424500713, "test loss": 5.067495678085834, "test accuracy": 82.96}, "epoch 6": {"mean loss": 0.4379406900872653, "test loss": 5.000581255648285, "test accuracy": 82.45}, "epoch 7": {"mean loss": 0.40197940984942254, "test loss": 4.913757118862122, "test accuracy": 83.08}, "epoch 8": {"mean loss": 0.3737539843592366, "test loss": 5.013876292621717, "test accuracy": 82.39999999999999}, "epoch 9": {"mean loss": 0.34472928056523194, "test loss": 4.332827750360593, "test accuracy": 85.34}, "epoch 10": {"mean loss": 0.3233725648023002, "test loss": 4.252358786063269, "test accuracy": 85.31}, "epoch 11": {"mean loss": 0.3030571711874702, "test loss": 4.3189195254817605, "test accuracy": 85.89}, "epoch 12": {"mean loss": 0.2803317615172456, "test loss": 3.9364497177302837, "test accuracy": 86.53999999999999}, "epoch 13": {"mean loss": 0.2650096052131417, "test loss": 3.9734460996696725, "test accuracy": 86.83999999999999}, "epoch 14": {"mean loss": 0.24508069301654495, "test loss": 3.8271326683461666, "test accuracy": 86.98}, "epoch 15": {"mean loss": 0.2400150452767304, "test loss": 4.201482624514028, "test accuracy": 86.21}, "epoch 16": {"mean loss": 0.21819471563340684, "test loss": 4.236984388437122, "test accuracy": 86.19}, "epoch 17": {"mean loss": 0.20675694502732805, "test loss": 3.7724101359490305, "test accuracy": 87.53}, "epoch 18": {"mean loss": 0.19586710747145475, "test loss": 3.6742548597976565, "test accuracy": 87.69}, "epoch 19": {"mean loss": 0.1856947422155101, "test loss": 3.7859598791692406, "test accuracy": 88.08}, "epoch 20": {"mean loss": 0.176536304385819, "test loss": 3.760151839000173, "test accuracy": 88.01}, "epoch 21": {"mean loss": 0.16745849588191136, "test loss": 3.8843149055028334, "test accuracy": 88.14999999999999}, "epoch 22": {"mean loss": 0.16179008362427477, "test loss": 3.747859991301084, "test accuracy": 88.23}, "epoch 23": {"mean loss": 0.15128077970554316, "test loss": 3.799166868440807, "test accuracy": 88.56}, "epoch 24": {"mean loss": 0.14822282217161745, "test loss": 3.903290714195464, "test accuracy": 87.87}, "epoch 25": {"mean loss": 0.13855105892010866, "test loss": 3.898955275013577, "test accuracy": 88.12}, "epoch 26": {"mean loss": 0.1303563206289762, "test loss": 3.7649369527352974, "test accuracy": 88.77000000000001}, "epoch 27": {"mean loss": 0.12409306739344335, "test loss": 3.638240045896964, "test accuracy": 89.03}, "epoch 28": {"mean loss": 0.11851795379463309, "test loss": 4.003341614530655, "test accuracy": 88.38000000000001}, "epoch 29": {"mean loss": 0.1121516386066371, "test loss": 3.962143006530823, "test accuracy": 88.59}, "epoch 30": {"mean loss": 0.1053476867539944, "test loss": 4.010197144933045, "test accuracy": 88.26}, "epoch 31": {"mean loss": 0.10437708948151955, "test loss": 3.8762878381530754, "test accuracy": 88.64}, "epoch 32": {"mean loss": 0.09865187618643717, "test loss": 3.708187445474323, "test accuracy": 88.98}, "epoch 33": {"mean loss": 0.09098765032742201, "test loss": 4.001043972049956, "test accuracy": 88.75999999999999}, "epoch 34": {"mean loss": 0.08933970554489273, "test loss": 4.1806944402633235, "test accuracy": 88.14}, "epoch 35": {"mean loss": 0.08327039191946245, "test loss": 4.011879770987434, "test accuracy": 89.02}, "epoch 36": {"mean loss": 0.08480555326664452, "test loss": 3.8720510248240316, "test accuracy": 88.96}, "epoch 37": {"mean loss": 0.0787109436712857, "test loss": 4.30534378439188, "test accuracy": 88.42999999999999}, "epoch 38": {"mean loss": 0.0762526612328568, "test loss": 3.993403837608639, "test accuracy": 88.92}, "epoch 39": {"mean loss": 0.07275887191952107, "test loss": 4.201682360027917, "test accuracy": 88.75}, "epoch 40": {"mean loss": 0.06720733831054755, "test loss": 4.259371026797453, "test accuracy": 88.67}, "epoch 41": {"mean loss": 0.0665196227360745, "test loss": 3.9814028919499833, "test accuracy": 89.09}, "epoch 42": {"mean loss": 0.06183959675118184, "test loss": 4.314757086249301, "test accuracy": 88.58}, "epoch 43": {"mean loss": 0.06007505178807413, "test loss": 4.141738311009249, "test accuracy": 89.23}, "epoch 44": {"mean loss": 0.0571744502244606, "test loss": 4.109838933152787, "test accuracy": 89.38000000000001}, "epoch 45": {"mean loss": 0.05821273031632085, "test loss": 4.1506091672818, "test accuracy": 89.55}, "epoch 46": {"mean loss": 0.05489297133615843, "test loss": 4.087584401713684, "test accuracy": 89.60000000000001}, "epoch 47": {"mean loss": 0.054306141332611774, "test loss": 4.2856017800513655, "test accuracy": 89.59}, "epoch 48": {"mean loss": 0.052550649012595964, "test loss": 4.124041267496068, "test accuracy": 89.55}, "epoch 49": {"mean loss": 0.05087176507480174, "test loss": 4.037723756104242, "test accuracy": 89.60000000000001}}