{"epoch 0": {"mean loss": 1.6074534091366763, "test loss": 11.777764223515987, "test accuracy": 56.8}, "epoch 1": {"mean loss": 1.0554325388969708, "test loss": 8.622793999500573, "test accuracy": 69.12}, "epoch 2": {"mean loss": 0.821452564733271, "test loss": 7.048700860701501, "test accuracy": 75.42999999999999}, "epoch 3": {"mean loss": 0.6888549310308347, "test loss": 6.476994707714766, "test accuracy": 77.73}, "epoch 4": {"mean loss": 0.6008175896410368, "test loss": 5.9722663052380085, "test accuracy": 79.4}, "epoch 5": {"mean loss": 0.5333816753944677, "test loss": 5.352317990269512, "test accuracy": 81.72}, "epoch 6": {"mean loss": 0.4856142721026278, "test loss": 5.029806319158524, "test accuracy": 82.72}, "epoch 7": {"mean loss": 0.4389274696547178, "test loss": 5.151600076584145, "test accuracy": 82.58}, "epoch 8": {"mean loss": 0.40953419546782016, "test loss": 4.80121252220124, "test accuracy": 83.35000000000001}, "epoch 9": {"mean loss": 0.3756917096645841, "test loss": 4.416280334582552, "test accuracy": 84.88}, "epoch 10": {"mean loss": 0.3520946941092391, "test loss": 4.5587676567956805, "test accuracy": 84.55}, "epoch 11": {"mean loss": 0.3282844381489131, "test loss": 4.418006609543227, "test accuracy": 85.11}, "epoch 12": {"mean loss": 0.30224622556044745, "test loss": 4.24585527041927, "test accuracy": 85.87}, "epoch 13": {"mean loss": 0.2835022016039317, "test loss": 4.178238402120769, "test accuracy": 85.9}, "epoch 14": {"mean loss": 0.265917139039068, "test loss": 3.7479234921047464, "test accuracy": 87.27000000000001}, "epoch 15": {"mean loss": 0.252608943056084, "test loss": 3.8248555779573508, "test accuracy": 87.37}, "epoch 16": {"mean loss": 0.2357267521605401, "test loss": 4.016170134884305, "test accuracy": 86.88}, "epoch 17": {"mean loss": 0.21947557922102326, "test loss": 3.662059346039314, "test accuracy": 87.69}, "epoch 18": {"mean loss": 0.2099805307513197, "test loss": 4.0813555856002495, "test accuracy": 86.96000000000001}, "epoch 19": {"mean loss": 0.19764538655344752, "test loss": 3.9243135027354583, "test accuracy": 87.31}, "epoch 20": {"mean loss": 0.1893450520409513, "test loss": 3.6764594939304516, "test accuracy": 87.76}, "epoch 21": {"mean loss": 0.17667722537331831, "test loss": 4.048291067127138, "test accuracy": 87.83999999999999}, "epoch 22": {"mean loss": 0.16551925230774878, "test loss": 3.6845153842587024, "test accuracy": 88.49000000000001}, "epoch 23": {"mean loss": 0.15982745909945406, "test loss": 3.9706965046934783, "test accuracy": 87.7}, "epoch 24": {"mean loss": 0.15205727364171967, "test loss": 3.6245058877393603, "test accuracy": 88.8}, "epoch 25": {"mean loss": 0.1393351383667835, "test loss": 3.5782365774502978, "test accuracy": 88.71}, "epoch 26": {"mean loss": 0.13743467813105067, "test loss": 3.971554866991937, "test accuracy": 88.01}, "epoch 27": {"mean loss": 0.1265920160878426, "test loss": 3.5373014254146256, "test accuracy": 89.25999999999999}, "epoch 28": {"mean loss": 0.12473931930952074, "test loss": 3.945996798109263, "test accuracy": 88.12}, "epoch 29": {"mean loss": 0.1152007964328563, "test loss": 3.721579263743479, "test accuracy": 88.84}, "epoch 30": {"mean loss": 0.10742986849324464, "test loss": 3.7321669914235827, "test accuracy": 88.91}, "epoch 31": {"mean loss": 0.10672985055762142, "test loss": 3.758487841580063, "test accuracy": 88.87}, "epoch 32": {"mean loss": 0.10105391160015348, "test loss": 3.707316410727799, "test accuracy": 89.05999999999999}, "epoch 33": {"mean loss": 0.09713155363289543, "test loss": 3.862254428124288, "test accuracy": 88.84}, "epoch 34": {"mean loss": 0.09121774474244686, "test loss": 4.04127901699394, "test accuracy": 89.19}, "epoch 35": {"mean loss": 0.08926454501662115, "test loss": 3.8636443747673184, "test accuracy": 89.13}, "epoch 36": {"mean loss": 0.0824980586197782, "test loss": 3.7222845407377463, "test accuracy": 89.57000000000001}, "epoch 37": {"mean loss": 0.07925270053945954, "test loss": 4.076444367601653, "test accuracy": 88.84}, "epoch 38": {"mean loss": 0.07479351965454452, "test loss": 3.911148455241346, "test accuracy": 89.29}, "epoch 39": {"mean loss": 0.07246013545129247, "test loss": 4.241399713704595, "test accuracy": 88.42}, "epoch 40": {"mean loss": 0.06937254238953416, "test loss": 4.158218653028598, "test accuracy": 88.72}, "epoch 41": {"mean loss": 0.06589860862591117, "test loss": 4.018786997621646, "test accuracy": 89.35}, "epoch 42": {"mean loss": 0.06604469251234718, "test loss": 4.011449069948867, "test accuracy": 89.44}, "epoch 43": {"mean loss": 0.06095148317874257, "test loss": 4.032841285326867, "test accuracy": 89.99000000000001}, "epoch 44": {"mean loss": 0.06055848386919398, "test loss": 4.161389221204445, "test accuracy": 89.25}, "epoch 45": {"mean loss": 0.05470872171644471, "test loss": 3.91644846656709, "test accuracy": 89.97}, "epoch 46": {"mean loss": 0.05594794061405838, "test loss": 4.21643522335944, "test accuracy": 89.36}, "epoch 47": {"mean loss": 0.05285298163847935, "test loss": 4.165899140090914, "test accuracy": 89.39}, "epoch 48": {"mean loss": 0.05154987206556763, "test loss": 4.115766406874172, "test accuracy": 89.79}, "epoch 49": {"mean loss": 0.047940087312465574, "test loss": 4.231963008875027, "test accuracy": 89.73}}