{"_timestamp":1.771194695419954e+09,"_runtime":4925.838213209,"_step":49,"_wandb":{"runtime":4925},"mean loss":0.16848706377292397,"test loss":3.6620854439679533,"test accuracy":88.42999999999999}