{"test accuracy":13.309999999999999,"lr":0.06840622763423394,"_timestamp":1.7719227275321183e+09,"_runtime":4294.134071105,"_step":37,"mean loss":2.4012746917622168,"test loss":23.15831295400858,"_wandb":{"runtime":4380}}