{"mean loss":0.05087176507480174,"test loss":4.037723756104242,"test accuracy":89.60000000000001,"_timestamp":1.7711065962407513e+09,"_runtime":4748.251609584,"_step":49,"_wandb":{"runtime":4753}}